Estudio,Año,Arquitectura,Conjunto_de_Datos,Objetivo,Metodología,Validación,Métricas_y_Resultados
SR_0009 — Aldawsari,2026,Híbrido + controles independientes,CBIS-DDSM,Fusión híbrida y comparación independiente de redes base,redimensionamiento/eliminación de ruido/CLAHE/+otros; aumento: rotación/reflexión H/+otros; aprendizaje por transferencia/ajuste fino; Atención por rama,Prueba reservada; CV; partición por paciente: Sí,Acc; Prec; Rec; Sens; F1
SR_0013 — Banyal,2026,CNN,CLAHE-binary; DDSM; INbreast; MIAS,Atención y ajuste fino parcial,redimensionamiento/normalización/CLAHE; aumento: rotación/reflexión H/+otros; aprendizaje por transferencia/ajuste fino; Atención squeeze-and-excitation,Prueba reservada; CV; partición por paciente: No claro,Acc; ROC AUC; Rec; Prec; F1
SR_0014 — Makram,2026,CNN,CBIS-DDSM,Fusión por atención de vistas pareadas,ROI/recorte/redimensionamiento/+otros; aumento: rotación/traslación/+otros; aprendizaje por transferencia/ajuste fino; Fusión de vistas espacial y por canales,Prueba reservada; Otros; partición por paciente: Sí,Acc; ROC AUC; Sens; Rec; Spec; Prec; F1; TP; TN; FP; FN
SR_0018 — Obaid,2026,CNN,CBIS-DDSM; cohorte hospitalaria de Palestina,Clasificación guiada por segmentación y evaluación local,redimensionamiento/normalización/segmentación/+otros; aumento: reflexión H/rotación/+otros; aprendizaje por transferencia; ROI derivada de segmentación,Prueba reservada; entre conjuntos de datos; partición por paciente: No claro,Acc; ROC AUC; Sens; Rec; Spec; Prec; PPV; NPV; F1; TP; TN; FP; FN
SR_0023 — Alshreef,2026,CNN,CBIS-DDSM; VinDr-Mammo,Selección de características radiómicas/profundas ante cambio de dominio,redimensionamiento/normalización/ROI/+otros; aumento: NR; aprendizaje por transferencia; Selección metaheurística de características,CV; externa; entre conjuntos de datos; cambio de dominio; partición por paciente: Sí,Acc; ROC AUC; Sens; Spec; F1
SR_0039 — Ali,2026,CNN + ViT,CBIS-DDSM; VinDr-Mammo (entrenamiento/contexto; evaluación fuera de B/M estricto),Clasificación centralizada frente a federada,redimensionamiento/normalización/ROI/+otros; aumento: reflexión H/rotación/+otros; aprendizaje por transferencia/ajuste fino/Otros; FedAvg,Prueba reservada; externa; entre conjuntos de datos; cambio de dominio; partición por paciente: Sí,Acc; ROC AUC; Sens; Rec; Prec; F1
SR_0041 — Sait,2026,Híbrido + controles independientes,CBIS-DDSM,Fusión bidireccional y clasificación por prototipos,redimensionamiento/CLAHE/normalización; aumento: rotación/reflexión H/+otros; aprendizaje por transferencia; Atención cruzada bidireccional,Prueba reservada; CV; partición por paciente: Sí,Acc; ROC AUC; Sens; Rec; Prec; F1; MCC; TP; TN; FP; FN
SR_0047 — Yoshitsugu,2026,CNN + ViT,VinDr-Mammo; DMID,Estratificación por anotación ROI,CLAHE/recorte/fondo/+otros; aumento: reflexión H/traslación/+otros; NR; Estratificación por presencia de ROI,Prueba reservada; CV; partición por paciente: No claro,Acc; Sens; Spec; F1
SR_0058 — Mendes,2026,CNN,OPTIMAM cohorte benigna/TNBC seleccionada,Cáncer triple negativo frente a lesiones benignas,ROI/recorte/redimensionamiento/+otros; aumento: NR; desde cero; Eliminación de ruido por variación total,CV; Prueba reservada; Multicéntrica; partición por paciente: Sí,Acc; ROC AUC; Sens; Spec; TP; TN; FP; FN
SR_0060 — Acosta-Jiménez,2025,CNN,CDD-CESM (rama DM de baja energía),Clasificación de baja energía y SHAP,redimensionamiento/normalización; aumento: reflexión H/reflexión V/+otros; aprendizaje por transferencia/ajuste fino; Ramas separadas de baja energía y con contraste,Prueba reservada; CV; partición por paciente: Sí,Acc; ROC AUC; Sens; Rec; Prec; F1; TP; TN; FP; FN
SR_0061 — Rofena,2026,CNN,CESM@UCBM ampliado (rama FFDM de baja energía),Modelos de referencia para biopsia virtual solo con mamografía,redimensionamiento/normalización/contraste/+otros; aumento: traslación/escalado/+otros; NR; Fusión de vistas ponderada por MCC,Prueba reservada; CV; partición por paciente: Sí,Acc; ROC AUC; Sens; Rec; Spec; Prec; F1; MCC
SR_0072 — Shia,2025,CNN,CBIS-DDSM; microcalcificaciones de Changhua Christian Hospital,Comparación de clasificadores de microcalcificaciones,recorte/ROI/redimensionamiento/+otros; aumento: rotación/traslación/+otros; aprendizaje por transferencia/ensamble; Ensamble de cinco pliegues,CV; externa; entre conjuntos de datos; cambio de dominio; partición por paciente: No claro,Acc; ROC AUC; Rec; F1
SR_0111 — Hussein,2025,CNN,Mini-DDSM2; CBIS-DDSM,Características en seudocolor con PCA/SVM,eliminación de ruido/segmentación/fondo/+otros; aumento: NR; aprendizaje por transferencia; Mapeo seudo-RGB,CV; partición por paciente: Sí,Acc; ROC AUC; Sens; Spec; Prec; F1
SR_0120 — Tan,2025,CNN,Cohorte mamográfica privada china Clínica1/Clínica2,Diagnóstico multivista de malignidad y apoyo a decisiones,recorte/redimensionamiento/Otros; aumento: NR; aprendizaje por transferencia; Mapas de malignidad derivados de parches,Prueba reservada; externa; Multicéntrica; partición por paciente: No,Acc; ROC AUC; Sens; Spec; F1; TP; TN
SR_0123 — Stefano,2025,CNN,CBIS-DDSM masas; CBIS-DDSM calcificaciones,Clasificación profunda frente a radiómica de masas/calcificaciones,ROI/recorte/CLAHE/+otros; aumento: reflexión H/reflexión V/+otros; aprendizaje por transferencia/ajuste fino; Clasificadores específicos por lesión,Prueba reservada; partición por paciente: No claro,Acc; ROC AUC; Sens; Rec; Spec; Prec; F1
SR_0125 — Zhu,2025,CNN,CBIS-DDSM,Clasificación y localización débilmente supervisadas,redimensionamiento/normalización/Otros; aumento: reflexión H/Contraste/+otros; aprendizaje por transferencia/ajuste fino; Agregación de extremos locales,Prueba reservada; partición por paciente: No claro,Acc; ROC AUC
SR_0132 — Al-Mnayyis,2025,CNN,KAUH-BCMD,Nuevo conjunto de datos y clasificador residual con convoluciones en profundidad,redimensionamiento/normalización/CLAHE/+otros; aumento: Otros; aprendizaje por transferencia; CNN residual con convoluciones en profundidad,Prueba reservada; partición por paciente: No claro,Acc
SR_0155 — Kumar Saha,2024,CNN + ViT,INbreast según descripción / Mendeley ywsbh3ndr8 v2,Comparación Transformer/CNN con entrada segmentada,recorte/redimensionamiento/segmentación/+otros; aumento: NR; aprendizaje por transferencia/ajuste fino; Segmentación ROI basada en SAM,Prueba reservada; partición por paciente: No claro,Acc; ROC AUC; Sens; Rec; Prec; F1; TP; TN; FP; FN
SR_0187 — Jiménez-Gaona,2024,CNN,NR,Procesamiento móvil de clasificación; conflicto de alcance,ROI/redimensionamiento/normalización/+otros; aumento: Otros; aprendizaje por transferencia/Otros; SNGAN,Fuera de alcance,NR
SR_0188 — Du,2024,CNN,"Cohorte privada MG/RM de 132 pacientes, rama mamográfica",Evaluación de rama mamográfica independiente,ROI/segmentación/redimensionamiento/+otros; aumento: traslación/rotación/+otros; NR; ROI por recuadro delimitador,Prueba reservada; partición por paciente: Sí,Acc; ROC AUC; Sens; Spec; PPV; NPV
SR_0195 — Jabeen,2024,CNN,INbreast,Fusión y selección de características de cuello de botella,redimensionamiento; aumento: Otros; Otros; Fusión por CCA con núcleo/entropía,Prueba reservada; CV; partición por paciente: No claro,Acc; ROC AUC; Sens; Prec; F1; MCC; TP; TN; FP; FN
SR_0199 — Aguerchi,2024,CNN,DDSM; MIAS,Optimización convolucional por enjambre de partículas,redimensionamiento/CLAHE/ROI; aumento: Otros; desde cero/Otros; Búsqueda arquitectónica por enjambre de partículas,Prueba reservada; partición por paciente: No claro,Acc
SR_0244 — Bobowicz,2023,CNN,CMMD,Clasificación débilmente supervisada de parches de vistas pareadas,redimensionamiento/normalización/recorte/+otros; aumento: rotación/reflexión H/+otros; aprendizaje por transferencia/ajuste fino/Otros; Atención sobre bolsas de parches,CV; partición por paciente: Sí,Acc; ROC AUC; Rec; Prec; F1; Otros
SR_0252 — Jaamour,2023,CNN,CBIS-DDSM,Ablaciones controladas de preprocesamiento y entrenamiento,redimensionamiento/normalización/recorte/+otros; aumento: NR; aprendizaje por transferencia/ajuste fino/desde cero; Ablaciones mediante dividir y conquistar,Prueba reservada; partición por paciente: No claro,Acc; ROC AUC; Sens; Rec; Spec; Prec; F1; Otros
SR_0260 — Liu,2023,CNN,FFDM privada de distorsión arquitectónica de Guangzhou,Clasificación diagnóstica de distorsión arquitectónica,redimensionamiento/normalización/segmentación/+otros; aumento: Otros; Otros; ROI derivada de detección,Prueba reservada; partición por paciente: Sí,Acc; ROC AUC; Sens; Rec; Spec; Prec; F1
SR_0265 — Rahman,2023,CNN,INbreast subconjunto benigno/maligno,Clasificación de ROI de lesión realzada,CLAHE/segmentación/ROI/+otros; aumento: Otros; aprendizaje por transferencia/ajuste fino; CLAHE,Prueba reservada; partición por paciente: No claro,Acc; ROC AUC; Sens; Spec; F1
SR_0274 — Das,2023,CNN,CBIS-DDSM,Modelos convolucionales poco profundos frente a transferidos,redimensionamiento/normalización/Otros; aumento: rotación/reflexión H/+otros; desde cero/aprendizaje por transferencia/ajuste fino; Ablaciones de dropout y aumento,Prueba reservada; entre conjuntos de datos; partición por paciente: No claro,Acc; Rec; Prec; F1; TP; TN; FP; FN
SR_0275 — Ayana,2023,CNN + ViT,DDSM (Mendeley ywsbh3ndr8/2),Transformers/CNN transferidos frente a entrenamiento desde cero,redimensionamiento; aumento: reflexión H/Contraste/+otros; aprendizaje por transferencia/ajuste fino/desde cero; Seis variantes Transformer transferidas y seis desde cero,Prueba reservada; CV; partición por paciente: No claro,Acc; ROC AUC; Rec; Prec; F1; MCC
SR_0290 — Islam,2022,CNN,Base de datos retrospectiva del laboratorio de mamografía de Oklahoma,Comparación de atención por canales y espacial,ROI/recorte/redimensionamiento/+otros; aumento: rotación/reflexión H/+otros; aprendizaje por transferencia; Ablaciones de atención por canales/espacial,Prueba reservada; partición por paciente: No claro,Acc; ROC AUC; Sens; Spec; F1; TP; TN; FP; FN
SR_0305 — Baccouche,2022,CNN,CBIS-DDSM; INbreast; INCAN privado + conjuntos públicos,Clasificación de lesiones con ResNetV2 apiladas,ROI/segmentación/redimensionamiento/+otros; aumento: rotación/Contraste; aprendizaje por transferencia/ajuste fino/ensamble; Apilamiento,Prueba reservada; partición por paciente: No claro,Acc; ROC AUC; Sens; Spec; F1
SR_0311 — Houssein,2022,CNN,CBIS-DDSM,Optimización metaheurística de hiperparámetros,redimensionamiento/normalización/eliminación de ruido/+otros; aumento: rotación/reflexión H/+otros; aprendizaje por transferencia/ajuste fino/Otros; Búsqueda de hiperparámetros de ocho dimensiones,Prueba reservada; partición por paciente: No claro,Acc; ROC AUC; Sens; Spec; Prec; F1
SR_0314 — Leong,2022,CNN,CBIS-DDSM ROI de calcificaciones,Preprocesamiento de microcalcificaciones y aprendizaje por transferencia,redimensionamiento/eliminación de ruido/segmentación/+otros; aumento: rotación/reflexión H/+otros; aprendizaje por transferencia/ajuste fino; Comparación de preprocesamiento,Prueba reservada; partición por paciente: No claro,Acc; Otros
SR_0325 — Zahoor,2022,CNN,CBIS-DDSM,Características convolucionales seleccionadas y fusionadas,redimensionamiento/Otros; aumento: rotación/reflexión H/+otros; aprendizaje por transferencia/ajuste fino/Otros; MEWOA antes/después de fusión serial,Prueba reservada; CV; partición por paciente: No claro,Acc; ROC AUC; Sens; Prec; F1; Otros
SR_0326 — Alruwaili,2022,CNN,MIAS subconjunto de masas,Redes base modificadas y sobremuestreo por duplicación,redimensionamiento/normalización/contraste/+otros; aumento: rotación/traslación/+otros; aprendizaje por transferencia/ajuste fino/ensamble; Sobremuestreo por duplicación,Prueba reservada; partición por paciente: No claro,Acc; Sens; Rec; Prec; F1
SR_0328 — Mahmood,2022,CNN,Mamografías privadas de Lahore; MIAS,Clasificador propio sobre lesiones mamográficas recortadas,eliminación de ruido/CLAHE/segmentación/+otros; aumento: rotación/reflexión H/+otros; aprendizaje por transferencia/ajuste fino/desde cero; ROI y parches solapados,Prueba reservada; CV; partición por paciente: No claro,Acc; ROC AUC
SR_0329 — Rehman,2021,CNN,CBIS-DDSM; DDSM,Comparación de clasificadores de distorsión arquitectónica,redimensionamiento/segmentación/ROI/+otros; aumento: NR; NR; Convolución en profundidad,Prueba reservada; CV; partición por paciente: No claro,Acc; Sens; Rec; Prec; F1; Otros
SR_0336 — Busaleh,2021,CNN,CBIS-DDSM; INbreast,Clasificación contextual y específica por densidad,redimensionamiento/eliminación de ruido/ROI/+otros; aumento: rotación/traslación/+otros; aprendizaje por transferencia/ajuste fino/ensamble; Múltiples contextos ROI,Prueba reservada; CV; partición por paciente: No claro,Acc; ROC AUC; Sens; Spec; F1
SR_0351 — Rehman,2021,CNN,DDSM (según denominación de los autores),Clasificación de microcalcificaciones con convoluciones separables en profundidad,redimensionamiento/segmentación/ROI/+otros; aumento: rotación/traslación/+otros; desde cero; Convoluciones separables en profundidad,Prueba reservada; CV; partición por paciente: No claro,Acc; ROC AUC; Sens; Rec; Spec; Prec; F1
SR_0363 — Cui,2021,CNN,Cohorte interna de mamografía digital; validación externa Yantai Yuhuangding,Clasificación profunda/radiómica/clínica de masas,fondo/ROI/recorte/+otros; aumento: rotación/Otros; aprendizaje por transferencia/ajuste fino/ensamble; Fusión de características profundas,Prueba reservada; CV; externa; Multicéntrica; partición por paciente: No claro,Acc; ROC AUC; Sens; Spec; Prec; F1
SR_0383 — G. Hamed,2021,CNN,INbreast,Detección seguida de clasificación CNN,redimensionamiento/fondo/recorte/+otros; aumento: Otros; aprendizaje por transferencia/ajuste fino; Fusión de detección de recortes/imagen completa,Prueba reservada; partición por paciente: No claro,Acc; Rec; Prec; F1; TP; TN; FP; FN
SR_0385 — V. R. Patheda,2025,Híbrido + controles independientes,Kaggle Mammogram CLAHE (URL exacta NR),Fusión híbrida de características con controles CNN,CLAHE/redimensionamiento; aumento: NR; aprendizaje por transferencia/ajuste fino/desde cero; Concatenación de características,Prueba reservada; partición por paciente: No claro,Acc; Sens; Rec; Spec; Prec; PPV; NPV; F1; TP; TN; FP; FN
SR_0386 — Anas et al.,2024,CNN,INbreast (experimento principal); CBIS-DDSM mencionado sin resultados B/M separables,Detectar y clasificar masas mamográficas benignas/malignas y reducir falsos positivos/negativos mediante YOLOv5 mejorado + Mask R-CNN,CLAHE; filtros de mediana/media; eliminación de músculo pectoral; redimensionamiento; aumento solo en entrenamiento; YOLOv5 mejorado + Mask R-CNN; partición aleatoria 60/30/10,Entrenamiento/validación/prueba 60/30/10; prueba reservada; partición por paciente: no clara; validación externa: no,"Sens 93%; Spec 97%; Prec 96.93%; mAP 95.20%; Acc 98%; MCC 92.20% (YOLOv5+Mask R-CNN, Fig. 15)"
SR_0387 — H. O. A. Ahmed,2024,CNN,CBIS-DDSM masas,Mezclas de expertos EfficientNet,redimensionamiento/recorte/Otros; aumento: rotación/reflexión H/+otros; aprendizaje por transferencia/ensamble; EffiGate softmax,Prueba reservada; Otros; partición por paciente: No claro,Acc; ROC AUC; Sens; Rec; Spec; Prec; F1; Otros
SR_0391 — K. Taifi,2025,CNN,MIAS; DDSM,Congelamiento inicial y capas de salida GELU,redimensionamiento; aumento: Otros; aprendizaje por transferencia/ajuste fino; Congelamiento de primeras 18 capas,Prueba reservada; partición por paciente: No claro,Acc; ROC AUC; Rec; Prec; F1; TP; TN; FP; FN; Otros
SR_0397 — H. O. A. Ahmed,2025,CNN,CBIS-DDSM,Modelos CNN de referencia en comparación con Mixer,redimensionamiento/recorte/Otros; aumento: rotación/reflexión H/+otros; aprendizaje por transferencia/ajuste fino; Mixer como contexto secundario,Prueba reservada; Otros; partición por paciente: No claro,Acc; Otros
SR_0424 — H. AlSalman,2024,CNN,CMMD,DCNN modificada con experimentos federados,fondo/segmentación/CLAHE/+otros; aumento: rotación/escalado/+otros; desde cero/Otros; Experimentos de número de capas,Prueba reservada; entre conjuntos de datos; Otros; partición por paciente: Sí,TP; TN; FP; FN
SR_0441 — F. Azour,2023,CNN,CBIS-DDSM,Clasificación en dos etapas con ensambles por votación,normalización/redimensionamiento/Otros; aumento: reflexión H/reflexión V/+otros; aprendizaje por transferencia/ajuste fino/ensamble/+otros; Diez redes base preentrenadas,Prueba reservada; CV; partición por paciente: No claro,Acc; F1; ROC AUC; Celdas etiquetadas de matriz de confusión
SR_0444 — A. E. Oyekanmi,2026,CNN,CBIS-DDSM,Ensambles CNN unificados frente a específicos por lesión,eliminación de ruido/segmentación/recorte/+otros; aumento: reflexión H/traslación/+otros; aprendizaje por transferencia/ajuste fino/ensamble/+otros; Especialistas por lesión,Prueba reservada; Otros; partición por paciente: Sí,Acc; ROC AUC; Sens; Spec; PPV; NPV; F1; TP; TN; FP; FN
SR_0452 — S. -O. Shim,2025,CNN,CBIS-DDSM masas,Extracción de características con InceptionResNetV2 modificada,CLAHE/contraste/Otros; aumento: reflexión H/reflexión V/+otros; aprendizaje por transferencia/Otros; LeakyReLU,Prueba reservada; Otros; partición por paciente: No claro,Acc; ROC AUC; Sens; Spec; Prec; Rec; PPV; NPV; F1; MCC
SR_0457 — G. Esen,2025,CNN,INbreast,Predicción conjunta de anatomopatología y densidad mamaria,redimensionamiento/CLAHE/recorte; aumento: rotación/escalado/+otros; aprendizaje por transferencia/ajuste fino/Otros; Atención por canales/espacial,Prueba reservada; CV; partición por paciente: No claro,Acc; ROC AUC; Sens; Rec; Spec; Prec; F1; Otros
SR_0495 — E. Lopez,2026,CNN + ViT,CBIS-DDSM masas; CBIS-DDSM masas+calcificaciones,Modelos hipercomplejos multivista frente a convencionales,redimensionamiento/ROI/recorte; aumento: rotación/reflexión H/+otros; desde cero/aprendizaje por transferencia/ajuste fino; Integración hipercompleja de vistas,Prueba reservada; partición por paciente: No claro,Acc; ROC AUC; Sens; Rec; Spec; Prec; F1
SR_0548 — Malibari,2022,CNN,INbreast,Características profundas optimizadas con DBN,redimensionamiento/normalización/ROI; aumento: reflexión H/reflexión V/+otros; aprendizaje por transferencia/ajuste fino/Otros; Optimización de mariposa con mejora gaussiana,Prueba reservada; CV; partición por paciente: No claro,Acc; ROC AUC; Sens; Spec; Prec; F1
SR_0553 — Mudeng,2022,CNN,DDSM (subconjunto Mendeley procesado por Huang–Lin),Comparación de optimizador y profundidad de ajuste fino,redimensionamiento; aumento: rotación/reflexión H/+otros; aprendizaje por transferencia/ajuste fino; Tres optimizadores,Prueba reservada; CV; partición por paciente: No claro,Acc; ROC AUC; Sens; Spec; Prec; F1; TP; TN; FP; FN
SR_0564 — Chakravarthy,2024,CNN,CBIS-DDSM; MIAS,Características con atención espacial y clasificadores clásicos,redimensionamiento/eliminación de ruido/CLAHE; aumento: rotación/reflexión H/+otros; aprendizaje por transferencia/ajuste fino/Otros; Atención espacial,Prueba reservada; CV; partición por paciente: No claro,Acc; Sens; Spec; Prec; F1; Otros
SR_1169 — Chen,2023,CNN,CBIS-DDSM; datos propios de Taipei Veterans General Hospital,Clasificación con IA de calcificaciones sospechosas,eliminación de ruido/contraste/segmentación/+otros; aumento: escalado/brillo/+otros; aprendizaje por transferencia/ajuste fino/ensamble; Fusión multiescala,Prueba reservada; CV; partición por paciente: Sí,Acc; ROC AUC; Sens; Spec; Prec; PPV
SR_1343 — Hassan,2024,CNN + ViT,CDD-CESM DM de baja energía,Comparación de clasificadores ROI derivados de detector,eliminación de ruido/segmentación/recorte/+otros; aumento: reflexión H/reflexión V/+otros; aprendizaje por transferencia/ajuste fino; Entrada de lesión compartida derivada de YOLO,Prueba reservada; partición por paciente: Sí,Acc; Sens; Spec; Prec; F1; ROC AUC; TP; TN; FP; FN
SR_1417 — Karagoz,2024,CNN,MIAS; INbreast (entrenamiento por transferencia solo para prueba MIAS B/M elegible),Clasificación autosupervisada con muestras limitadas,redimensionamiento/CLAHE; aumento: reflexión H/Otros; desde cero/aprendizaje por transferencia/Otros; Tarea previa de reconstrucción,Prueba reservada; CV; externa; entre conjuntos de datos; cambio de dominio; partición por paciente: No,Acc; ROC AUC; Rec; Prec; F1
SR_2330 — Imran,2026,CNN,MIAS subconjunto B/M,Ablaciones de preprocesamiento mamográfico y optimizador,redimensionamiento/eliminación de ruido/normalización/+otros; aumento: rotación/reflexión H/+otros; aprendizaje por transferencia/ajuste fino; Ablaciones de preprocesamiento mamario,Prueba reservada; CV; partición por paciente: Sí,Acc; ROC AUC; Sens; Rec; Prec; F1
SR_2468 — Kumar,2026,CNN + ViT,CBIS-DDSM,Clasificación multivista y evaluación de explicaciones,redimensionamiento/normalización/recorte/+otros; aumento: reflexión H/reflexión V/+otros; aprendizaje por transferencia/ajuste fino; Fusión CC/MLO,Prueba reservada; partición por paciente: Sí,ROC AUC; Sens; Spec; F1
SR_2707 — Abulfaraj,2026,CNN + ViT,CBIS-DDSM,Clasificación entre centros con solo imagen y semántica,fondo/normalización/redimensionamiento/+otros; aumento: reflexión H/Otros; ensamble/Otros; Regularización por centro,Prueba reservada; CV; externa; entre conjuntos de datos; cambio de dominio; partición por paciente: No claro,Acc; ROC AUC; Sens; Spec; PPV; NPV; F1
SR_2713 — Yoshitsugu,2025,CNN + ViT,VinDr-Mammo subconjunto B/M,Estratificación por estado ROI y vista,redimensionamiento/CLAHE/contraste/+otros; aumento: NR; NR; Modelos por estado de anotación/vista,Prueba reservada; CV; partición por paciente: No claro,Acc; Sens; Spec; F1
SR_2728 — Zakariah,2026,CNN + ViT,CBIS-DDSM,Clasificadores independientes dentro de estudio multimodal,redimensionamiento; aumento: NR; NR; Fusión radiómica/clínica secundaria,CV; partición por paciente: Sí,Acc; ROC AUC
SR_2732 — Prasanthi,2026,Híbrido + controles independientes,CBIS-DDSM; RTM,Refinamiento de eliminación de ruido y controles independientes,redimensionamiento/eliminación de ruido/CLAHE/+otros; aumento: NR; NR; Perturbación gaussiana,Prueba reservada; partición por paciente: Sí,F1
