ID_Estudio,Uso_de_XAI,XAI_evaluada_cuantitativamente,Métodos_XAI,Detalle_XAI,Elegible_para_mapeo_principal,Localizador_técnico_original_de_evidencia,Archivo_fuente
SR_0009,No,No,NR,Los autores lo describen explícitamente como caja negra; Grad-CAM++ y visualización de atención se plantean como trabajo futuro; análisis preliminar no incluido. El mecanismo MHA no es XAI evaluada.,Sí,"{""Identity"": ""PDF p1 DOI/title/authors/year; publication Scientific Reports16:23540"", ""Dataset"": ""pp7–9 Tables2–3"", ""Preprocessing_Training"": ""pp7–10,16–17 Table5; all-baseline equivalence explicit p17"", ""Results"": ""p20 Table7; p21 Table8; pp18–24 Tables6,9–14"", ""XAI"": ""Limitations p26 explicitly future work/not included"", ""Discrepancies"": ""pp1,18,24–26; Table3 p9; Fig11 p24; Table15 literature rows""}",93F_STUDY_LEVEL_CHARTING.csv
SR_0013,Sí,No,Grad-CAM,Figuras de mapas de calor/superposición para ambos modelos SE; los autores advierten que las regiones resaltadas no localizan con precisión la patología; sin validación cuantitativa/experta.,Sí,"{""Identity"": ""p1title/authors/DOI/date"", ""Dataset"": ""§3.1pp4–6Table1;refs25/26p15"", ""Training"": ""§§3.2–3.4pp5–8;Table2p10;§5p8"", ""Metrics"": ""Table3/4p12;Table5p13;Fig10p11"", ""XAI"": ""§3.5p8;Figs5/6p9;§5.3p12"", ""Cost"": ""§3.3–3.4pp6–8;§5p8""}",93F_STUDY_LEVEL_CHARTING.csv
SR_0014,Sí,No,Grad-CAM,Ejemplos representativos de prueba del tensor IVAF fusionado frente a mapas de referencia de una vista; sin puntuación experta ni localización cuantitativa.,Sí,"{""Identity"": ""p1 andp12 DOI/authors/2026"", ""Dataset"": ""Table4 p4"", ""Preprocessing_Training"": ""Methods pp3–7"", ""Metrics"": ""Table5 p7;Table6 p8;Table7 p9;Fig6 p9"", ""Robustness"": ""p8 100-seed analysis"", ""XAI"": ""p9 andFig8 p10"", ""Limitations_Code"": ""pp10–11""}",93F_STUDY_LEVEL_CHARTING.csv
SR_0018,Sí,Sí,Grad-CAM,Mapas cualitativos más recuento descriptivo de activación en lesión29/34;sin prueba formal de solapamiento;el trabajo futuro también enumera GradCAM pese al análisis presente,Sí,"{""identity"": ""p1"", ""datasets"": ""§3.2 pp4–5;Tables2–3p7"", ""preprocessing_augmentation_training"": ""§3.3–3.5p5;Table4p8"", ""validation"": ""§4.1pp6–7;Fig13p14;Fig17p15"", ""metrics"": ""Table7p13;Table8p16"", ""xai"": ""§5.5p16;Fig20p17"", ""cost"": ""Table5p9"", ""limitations"": ""§5.6p17""}",93F_STUDY_LEVEL_CHARTING.csv
SR_0023,No,No,NR,La estabilidad de características no es XAI; no se identificaron mapas explicativos,Sí,"{""identity"": ""L1–43"", ""datasets"": ""§2.1 L99–104;§3.4L303–305"", ""preprocessing_training_validation"": ""§2.2–2.5 L108–141"", ""metrics"": ""Tables1–2L149–285"", ""scope"": ""Synthetic§3.3 andTable3 are secondary simulations, not clinical cohorts"", ""code"": ""L434–443"", ""limitations"": ""L398–400""}",93F_STUDY_LEVEL_CHARTING.csv
SR_0039,No,No,NR,Sin XAI propia;la arquitectura de atención Swin no constituye una explicación,Sí,"{""identity"": ""p1"", ""datasets_ground_truth"": ""§2.1–2.2pp2–3/Table1"", ""training"": ""§2.6p5"", ""validation"": ""§2.5pp4–5"", ""metrics"": ""Tables3–7pp7–11"", ""limitations"": ""§5pp11–12""}",93F_STUDY_LEVEL_CHARTING.csv
SR_0041,No,No,NR,"Sin XAI para ramas puras independientes. Híbrido completo secundario: casos representativos y errores con Grad-CAM,revisión cualitativa por radiólogo de mama,prototipos UMAP; sin validación cuantitativa de explicaciones.",Sí,"{""Identity"": ""Front matter title/authors/2026/DOI"", ""Dataset"": ""§3.1; lines 683 and Table 2"", ""Methods"": ""§3.2–3.5; Table 2 lines 1787–1915"", ""Results"": ""Tables 3–6 lines 1916–2208; results lines 717–753"", ""XAI"": ""§3.5, lines 751–753, Table 7"", ""Limitations"": ""Discussion lines 780–784""}",93F_STUDY_LEVEL_CHARTING.csv
SR_0047,No,No,NR,Sin experimento propio de explicación; las referencias a GradCAM corresponden a literatura previa,Sí,"{""identity"": ""L1–60"", ""preprocessing_training"": ""§2.2–2.6 L165–194"", ""datasets_ground_truth"": ""§3 L207–344"", ""metrics"": ""Tables9–10/17–18 L435–497/691–753"", ""cost"": ""§2.8L205–206"", ""limitations"": ""§5L791–794""}",93F_STUDY_LEVEL_CHARTING.csv
SR_0058,Sí,No,Grad-CAM,Mapas de calor de la última convolución de masas y calcificaciones clasificadas correcta/incorrectamente; SHAP solo como trabajo futuro,Sí,"{""identity"": ""p1"", ""datasets"": ""Materialsp2;Discussionp8"", ""methods"": ""pp2–3"", ""metrics"": ""Tables2–3p4;Fig2p5"", ""XAI"": ""pp3/5–8Figures3–4"", ""limitations"": ""pp8–9""}",93F_STUDY_LEVEL_CHARTING.csv
SR_0060,Sí,No,SHAP,Solo EfficientNet-B0;GradientExplainer con datos de entrenamiento como referencia;mapas de píxeles/magnitudes de atribución representativos sin validación cuantitativa de localización,Sí,"{""identity"": ""L1–89"", ""datasets"": ""§2.1L193–224"", ""preprocessing"": ""Table2L225–265"", ""training_validation"": ""§2.3/Table3L267–333"", ""metrics"": ""Table4B/M L467–500"", ""XAI"": ""§2.5/3.2 L405–409/697–772"", ""limits"": ""§4 L870–872""}",93F_STUDY_LEVEL_CHARTING.csv
SR_0061,No,No,NR,Explicabilidad/localización propuestas para el futuro;las figuras de muestras generativas no son XAI,Sí,"{""identity"": ""p1 VORdoi;2026issue/onlineDec2025"", ""datasets"": ""§4/Table1–2pp3–4"", ""methods"": ""§4.1/5.1pp4–5"", ""metrics"": ""TableA1p10/TableA2p11/FFDMrowsTable4p9"", ""scope"": ""F=FFDM;C=realCESM;syntheticCESMnotFFDM-only"", ""cost_code"": ""Acknowledgmentsp11;Algorithm1p11""}",93F_STUDY_LEVEL_CHARTING.csv
SR_0072,Sí,No,Grad-CAM; t-SNE,"Grad-CAM compara B3/Res50 en un caso benigno/uno maligno con objetivo maligno;sin validación cuantitativa ni experta. t-SNE usa características B0ImageNet→PCA50→tSNE2,perplejidad30,semilla42.",Sí,"{""Identity"": ""p1DOI/title/author2025"", ""Dataset_Truth"": ""Methodspp2–4;Table1p5"", ""Preprocessing_Training"": ""p3–4"", ""Metrics"": ""Figs3–5pp5–7;Table2p12;Fig8p10"", ""Statistics"": ""pp4,7–9"", ""XAI"": ""Fig1p2;Fig9p11"", ""Cost"": ""pp3,11–12""}",93F_STUDY_LEVEL_CHARTING.csv
SR_0111,No,No,NR,La mejora visual RGB es preprocesamiento; XAI propuesta como trabajo futuro en p20,Sí,"{""identity"": ""p1doi/title/authors;yearfooter"", ""dataset"": ""p4andp21"", ""preprocessing"": ""pp6–10Table1"", ""training_validation"": ""pp11–13and18–19"", ""metrics"": ""Tables3–4pp14–15;Fig9p17"", ""limits"": ""pp17–20""}",93F_STUDY_LEVEL_CHARTING.csv
SR_0120,No,No,NR,Los mapas de probabilidad de parches/segmentación y el contorno son entradas/salidas de localización;sin validación de atribución,Sí,"{""identity"": ""p1"", ""datasets"": ""pp3–4Table1"", ""architecture"": ""p4/Fig2"", ""metrics"": ""Table2p6B/Mhalf;Table3p7;readerstandalonep8"", ""validation"": ""p3"", ""xai"": ""p4/9Fig6"", ""code"": ""p11""}",93F_STUDY_LEVEL_CHARTING.csv
SR_0123,No,No,NR,"GradCAM, GradCAM++ y mapas de saliencia se comentan explícitamente como trabajo futuro.",Sí,"{""Identity"": ""HTML opening metadata"", ""Dataset"": ""§§2.1,3.1,3.3; L00694–00715"", ""Preprocessing_Training"": ""§§2.7.1–2.7.3; L00623–00692"", ""Evaluation_Metrics"": ""§3.4 Table 3; L00818–00854"", ""External_XAI_Balancing"": ""Discussion L00865–00889"", ""Code"": ""Data Availability L00898–00899""}",93F_STUDY_LEVEL_CHARTING.csv
SR_0125,No claro,No claro,NR,"La explicación/localización LEM se define como parte del marco, pero toda la validación cualitativa y cuantitativa de localización mostrada corresponde a INbreast secundario. No se reporta evaluación explicativa específica de CBIS. Tabla5 secundaria, DSC/Recall: UNet .90/.848; CAM .25/.49; Grad-CAM .29/.52; LEM .37/.56. No cuentan como XAI cuantitativa en experimentos elegibles B/M de CBIS. LEM se define para el marco, pero los ejemplos/validación de explicaciones son secundarios de INbreast; no se confirma uso de un método explicativo específico en CBIS.",Sí,"{""Identity"": ""L1–104"", ""Method"": ""§3 L234–1633"", ""Dataset"": ""§4.1 L1636–1671"", ""Training"": ""§4.2 L1672–1697"", ""Metrics"": ""Tables1–4 L1711–1935"", ""XAI"": ""Table5/6 L1936–1998;Figs4/5"", ""Code"": ""L2060–2065""}",93F_STUDY_LEVEL_CHARTING.csv
SR_0132,No,No,NR,Las visualizaciones de preprocesamiento no son explicaciones del modelo; XAI y ViT/atención se plantean como trabajo futuro.,Sí,"{""Identity"": ""p1; coordinator visual QA/SR_0132_identity_p1.png confirms DOI and date 6 March 2025"", ""Dataset_Split"": ""pp6–8, Tables 1–4; rotated Table 2 recovered from plain PDF extraction"", ""Preprocessing_Training"": ""pp8–14, §§3.2–3.6, Table 5"", ""Metrics"": ""p15 Table 6, p16 Figure 8 visually verified"", ""XAI_Code"": ""pp14,18 limitations, future work, Data Availability""}",93F_STUDY_LEVEL_CHARTING.csv
SR_0155,No,No,NR,Las máscaras SAM y la atención arquitectónica no son explicaciones evaluadas; XAI como trabajo futuro.,Sí,"{""Identity"": ""p1 DOI/title/authors"", ""Dataset_Split"": ""pp6,8,10–11 Table 4"", ""Training"": ""p10 implementation; Table 2 applies SAM only"", ""Metrics"": ""pp13–16 Tables 6–10; Figure 7/8 p14 visually inspected"", ""XAI_Code"": ""p16 future work and data availability""}",93F_STUDY_LEVEL_CHARTING.csv
SR_0187,No,No,NR,"Las máscaras SAM localizan entradas, sin atribución del clasificador.",No,"{""Identity"": ""p1 DOI/title/authors/year"", ""Dataset_GroundTruth"": ""pp3–5 Tables1,3 and p11 explicit BI-RADS1–3 vs4–6"", ""Training"": ""pp5–6 Table2; AppendixTable10p16"", ""Metrics"": ""p8 Table6; p12Table8 conflicts; readerTable7p11"", ""Code_XAI"": ""p16DataAvailability; methods pp4–7""}",93F_STUDY_LEVEL_CHARTING.csv
SR_0188,No,No,NR,No se reportó experimento de explicación del modelo.,Sí,"{""Identity"": ""HTMLL00001–00049"", ""Dataset"": ""L00092,00101,00114"", ""Preprocessing_Training"": ""L00105–00118"", ""Metrics_Statistics"": ""L00137–00146"", ""Limitations"": ""L00202–00206""}",93F_STUDY_LEVEL_CHARTING.csv
SR_0195,Sí,No,Grad-CAM,Ejemplos visuales Grad-CAM para la CNN propuesta de tres/cuatro bloques; sin concordancia espacial cuantitativa ni validación por lectores.,Sí,"{""Identity"": ""p1,DOI,title,authors,publication22Feb2024"", ""Dataset"": ""§3.1,p4; matrix dimensionsp8;Fig7p12"", ""Preprocessing"": ""§3.2,p5"", ""Augmentation"": ""§3,p4"", ""Training"": ""§3.2.3,pp5–6;§4p11;conclusionp15"", ""Validation"": ""pp5–6,11"", ""Metrics"": ""Tables1–4,pp12–13;Figs7–9,pp12,14;Table5p14"", ""XAI"": ""p14 andFig10p15"", ""Computational"": ""p5 parameter counts;p11 hardware;Tables1–4 andFigs8–9"", ""Reproducibility"": ""pp4–15;data statementp15"", ""Leakage"": ""§3.2.3,p6;feature selectionpp8–11"", ""Limitations"": ""conclusionp15""}",93F_STUDY_LEVEL_CHARTING.csv
SR_0199,No,No,NR,Sin método de explicabilidad en métodos/resultados completos; los diagramas de flujo y las matrices de confusión no son XAI.,Sí,"{""Identity"": ""L1–76"", ""Dataset"": ""§2.1,L148–190; Table1"", ""Preprocessing"": ""L149–160"", ""Augmentation"": ""L160"", ""Training"": ""§2.4,L393–514;§3.1,L515–539"", ""Validation"": ""L486,L546; Fig5 locally archived image"", ""Metrics"": ""Tables5–7,L563–740"", ""XAI_and_Code"": ""Full text L1–1035; data statementL819–826"", ""Leakage"": ""L405,L486; Fig5; pre-augmentationL160 andlater splitL546"", ""Limitations"": ""§3.3–4,L790–797""}",93F_STUDY_LEVEL_CHARTING.csv
SR_0244,Sí,No,Mapas de atención,"Mapas de calor de atención por parches CLAM; CMMD Fig11. Sin evaluación cuantitativa de localización. El experimento de artefactos MUG de Tabla11 es contexto secundario, no un desenlace B/M elegible.",Sí,"{""identity"": ""L1–118"", ""datasets_groundtruth"": ""§3.1, Tables1–2, L344–430"", ""preprocessing_augmentation"": ""§3.3.1–2/Table4 L586–655"", ""training_validation"": ""§3.3.3–5 L657–783; §4.8 L1337–1344"", ""metrics"": ""Table13 L1345–1394"", ""xai"": ""§4.5–6, Fig11 L1206–1276/L1396–1404"", ""cost_code"": ""Table5 L667–683; §3.3.5 L782–783; availability L1449–1452""}",93F_STUDY_LEVEL_CHARTING.csv
SR_0252,No,No,NR,Visualización de mapas de calor explícitamente fuera de alcance en pp18–19.,Sí,"{""identity"": ""p1"", ""datasets_groundtruth"": ""pp7–8,14"", ""preprocessing"": ""pp8–10,16–18; Fig2/8"", ""training_validation"": ""pp10–12,14–18"", ""metrics"": ""Fig8 p14 (visually verified), pp16–19; local S1Table and S2Fig"", ""xai"": ""pp18–19"", ""cost_code"": ""pp6,11,15–17; ref63""}",93F_STUDY_LEVEL_CHARTING.csv
SR_0260,No,No,NR,"Las ilustraciones de segmentación/ROI muestran detección, no un método de atribución/explicación.",Sí,"{""identity"": ""p1"", ""datasets_groundtruth"": ""§2.1–2.4 pp2–4;Tables1–2 pp5–6"", ""preprocessing_augmentation"": ""§2.3–2.4 pp3–4"", ""training_validation"": ""§2.4–2.5 p4"", ""metrics"": ""Table4 p7 and Fig3B/Results p6"", ""xai_cost_code"": ""Fulltext pp1–10; availability/limitations p8""}",93F_STUDY_LEVEL_CHARTING.csv
SR_0265,No,No,NR,"ROI y preprocesamiento de contraste, sin atribución del modelo.",Sí,"{""Identity"": ""L00001–00070"", ""Dataset"": ""L00207,L00315–00348"", ""Training"": ""L00225–00307,L00412"", ""Metrics"": ""Tables3–4,L00464–00502"", ""Limitations"": ""Full Methods/Results,DataAvailabilityL00515–00516""}",93F_STUDY_LEVEL_CHARTING.csv
SR_0274,No,No,NR,Sin método explicativo aplicado; las redes de atención de la literatura no son métodos propios.,Sí,"{""identity"": ""p1 publication4January2023; DOI has2022"", ""datasets_groundtruth"": ""Tables1–2 pp2–3;§2.1 pp4"", ""preprocessing_augmentation"": ""§2.2–2.3 pp4–6"", ""training_validation"": ""§2.3–2.4/Table3 pp6–8"", ""metrics"": ""Figs3–6 pp8–10 visually verified; prosepp8/10–11"", ""generalization"": ""§3.3p11"", ""cost_code_xai"": ""§3p7;availabilityp12;fulltext""}",93F_STUDY_LEVEL_CHARTING.csv
SR_0275,No,No,NR,"Se comenta autoatención arquitectónica, sin evaluar explicaciones por predicción.",Sí,"{""Identity"": ""HTMLL00001–00166"", ""Dataset_Balancing"": ""§§3.1–3.3,L00316–00336"", ""Training"": ""L00653–00657"", ""Metrics"": ""Tables2–4,L00855–01086"", ""Cost"": ""Figures6–7 descriptionsL00918–00944"", ""Limitations"": ""ConclusionL01143""}",93F_STUDY_LEVEL_CHARTING.csv
SR_0290,No,No,NR,Diagramas de arquitectura de atención; no se evaluó explicación de predicciones individuales.,Sí,"{""Identity"": ""L00001–00140"", ""Dataset"": ""§2.1"", ""Training"": ""§2.3–2.4,L00429–00487;Table1"", ""Metrics"": ""L00588–00638/Table2;Table3L00649–00674"", ""Limitations"": ""L00679–00697""}",93F_STUDY_LEVEL_CHARTING.csv
SR_0305,No,No,NR,"Las máscaras son entradas de procesamiento; las matrices de confusión cualitativas son análisis de desempeño, no explicaciones.",Sí,"{""Identity"": ""p1"", ""Dataset_GroundTruth"": ""p6;Tables1–4p8"", ""Preprocessing_Training"": ""pp4–9;Table5"", ""Metrics"": ""Tables6–8pp9–10;Table13p15"", ""Costs_Code"": ""p14,p15""}",93F_STUDY_LEVEL_CHARTING.csv
SR_0311,No,No,NR,Sin explicaciones aplicadas en el texto completo.,Sí,"{""identity"": ""p1 DOI/title/authors/year"", ""datasets_groundtruth"": ""§6.1p11;Table3p12"", ""preprocessing_augmentation"": ""§5.1p9;Table2p10"", ""training_validation"": ""§5.2–5.3pp9–10;§6.3/Table5pp11–12"", ""metrics"": ""Tables6–8pp12–13 andTable12p15"", ""cost"": ""§4.4p8;§6.7p16"", ""limitations"": ""§6.7pp16–17""}",93F_STUDY_LEVEL_CHARTING.csv
SR_0314,No,No,NR,"Las imágenes con mayor pérdida y matrices de confusión son análisis de errores, no atribución.",Sí,"{""identity"": ""p1"", ""datasets_groundtruth"": ""Table2p4;Materialspp5–6"", ""preprocessing_augmentation"": ""pp4–6/Table3–4"", ""training_validation"": ""pp6–7;Tables5–8pp7–8"", ""metrics"": ""Tables5–9;Figure6p9 visually verified"", ""limitations"": ""p11"", ""cost_code"": ""p5 materials;Figure2 fragmentp4""}",93F_STUDY_LEVEL_CHARTING.csv
SR_0325,No,No,NR,Sin explicación de predicciones identificada; las matrices de confusión no son XAI.,Sí,"{""identity"": ""Front matter DOI/title/authors/date"", ""datasets"": ""§2.1;Table1"", ""methods"": ""§2.2–2.7;Algorithms1–2"", ""validation"": ""§3 L02032–02037"", ""metrics"": ""Tables2–7 (60 CBIS);Tables14–19 (60 INbreast secondary)"", ""limitations"": ""§4–5""}",93F_STUDY_LEVEL_CHARTING.csv
SR_0326,No,No,NR,No se reportó explicación de predicciones.,Sí,"{""Identity"": ""L00001–00040"", ""Dataset"": ""L00134–00137"", ""Preprocessing_Training"": ""L00138–00196;L00245–00261;L00486"", ""Metrics"": ""Tables1–6L00262–00596;Table7L00609–00632"", ""Code_Cost"": ""L00161,L00192,L00834–00836""}",93F_STUDY_LEVEL_CHARTING.csv
SR_0328,No,No,NR,La localización de ROI y la agregación no constituyen explicaciones evaluadas.,Sí,"{""Identity"": ""p1"", ""Dataset_GroundTruth"": ""pp6–8"", ""Preprocessing_Training"": ""pp7–15 Tables1–2"", ""Metrics"": ""Tables3–4pp15/18;testprosepp15/18/22"", ""Code_Cost"": ""p1dataavailability;p14runtime""}",93F_STUDY_LEVEL_CHARTING.csv
SR_0329,No,No,NR,"La segmentación/localización de píxeles construye la entrada, no explica el modelo.",Sí,"{""Identity"": ""L00001–00093"", ""Dataset_GroundTruth"": ""§3L00225–00330;§4.5L00539–00571"", ""Training"": ""§4.7L01391–01426;Tables3–4"", ""Metrics"": ""Tables5–7L01810–01965;Eq10L01725–01747"", ""Costs_Code"": ""§5.1L01763–01789;DataAvailabilityL02172–02179""}",93F_STUDY_LEVEL_CHARTING.csv
SR_0336,No,No,NR,Sin método explicativo reportado; los ejemplos de imágenes fallidas no son XAI.,Sí,"{""Identity"": ""L1–51"", ""Dataset"": ""Section2.7.1,Tables2–3,L818–939"", ""Preprocessing"": ""Sections2.1–2.2,L146–177"", ""Augmentation"": ""Section2.7.2,L940–962"", ""Training"": ""Sections2.4,2.6.4,2.7.3,L361–364,814,963–966"", ""Validation"": ""Section3,L967–1100"", ""Metrics"": ""Tables4–10,L1107–1676"", ""Leakage"": ""Section4.2,L1148–1192"", ""Limitations"": ""Discussion,L1691–1729"", ""XAI_and_Code"": ""Full text including data availabilityL1740–1743""}",93F_STUDY_LEVEL_CHARTING.csv
SR_0351,No,No,NR,Sin método propio de explicación; citar XAI de la literatura no equivale a utilizarla.,Sí,"{""Identity"": ""L1–83"", ""Dataset"": ""Sec3.1 Table1 L231–294"", ""Preprocessing"": ""Secs3.2–3.4 L295–452"", ""Training"": ""Secs3.5–3.9 Tables2–3,6"", ""Validation"": ""Secs3.1,3.6,3.8,Table6"", ""Metrics"": ""Table4;Sec5/Figs19–20"", ""Cost"": ""Sec3.11 L768–769"", ""Limitations"": ""DiscussionL1060–1126""}",93F_STUDY_LEVEL_CHARTING.csv
SR_0363,No,No,NR,La selección de características no es validación de explicación posterior al modelo.,Sí,"{""Identity"": ""PDFp1"", ""Dataset"": ""p2 Patients;p4 Training/testing/external"", ""Preprocessing"": ""pp2–3"", ""Training"": ""pp3–4"", ""Validation"": ""pp3–5"", ""Metrics"": ""Tables4–5 pp6–7"", ""Statistics"": ""p5 DeLongtest"", ""Limitations"": ""pp6–7"", ""Code"": ""p7 dataavailability""}",93F_STUDY_LEVEL_CHARTING.csv
SR_0383,No,No,NR,Las cajas/confianzas de detección no son validación de explicaciones,Sí,"{""Identity"": ""PDFp1"", ""Dataset"": ""IV.Bpp8–9"", ""Preprocessing"": ""III.App4–5"", ""Augmentation"": ""III.Bp6;IV.D.3pp10–11"", ""Training"": ""IV.Cp9;IV.D.5pp12–13"", ""Validation"": ""IV.D.5p12"", ""Metrics"": ""Table5p12 visuallyverified"", ""Cost"": ""IV.Cp9;Conclusionp14""}",93F_STUDY_LEVEL_CHARTING.csv
SR_0385,No,No,NR,"Grad-CAM/t-SNE propuestos como trabajo futuro, no ejecutados.",Sí,"{""Identity"": ""PDFp1"", ""Dataset"": ""III.Ap3"", ""Architecture"": ""III.B–Dpp3–6"", ""Preprocessing"": ""Abstractp1;III.App3,III.Cp5"", ""Training"": ""IVp6"", ""Metrics"": ""Figs9–11/Table1p7 visual"", ""Validation_XAI_cost"": ""Conclusionp8""}",93F_STUDY_LEVEL_CHARTING.csv
SR_0386,No,No,NR,No se reportó un método XAI. Las visualizaciones de detección/segmentación y los mapas de resultados del pipeline YOLOv5 + Mask R-CNN no se consideraron XAI.,Sí,"PDF pp. 5–14: metodología, detección/segmentación, entrenamiento y resultados; no se identifica método de explicación del modelo.",SR_386.pdf
SR_0387,No,No,NR,Figura8 visualiza16 mapas de características de bloques3/5/7 de B0; sin atribución de clase ni evaluación explicativa. El mecanismo de compuertas no implica XAI.,Sí,"{""identity"": ""p1"", ""architecture"": ""III pp6–10;Table2p12"", ""dataset"": ""IV.A pp10–11;IV.D.2p16;Table6"", ""training"": ""Table3p13;III.Dp9;IV.Bpp11–12"", ""metrics"": ""Table7p16;Figure14p17;Table10p19"", ""scope"": ""Table3p13;INbreast normal/abnormalp17""}",93F_STUDY_LEVEL_CHARTING.csv
SR_0391,No,No,NR,No se identificó experimento explicativo en18p.,Sí,"{""identity"": ""p1"", ""dataset"": ""Tables1p3,7p9,8p10;§III.D"", ""training"": ""Table4p7;§III;Figures8–9"", ""metrics"": ""Tables9–11pp11–12;Fig11p13;Fig12p14"", ""stats"": ""§V.Bp15"", ""code"": ""p16DataAvailability""}",93F_STUDY_LEVEL_CHARTING.csv
SR_0397,No,No,NR,p13 indica expresamente que no explora explicabilidad; GradCAM/SHAP de la introducción no se utilizan.,Sí,"{""identity"": ""p1"", ""architecture"": ""IIpp4–7;III.Fp13"", ""datasets"": ""III.App7–8"", ""preprocess"": ""III.Bp9"", ""training"": ""III.Cp9 yIII.Fp13"", ""metrics"": ""Tables5–6p14"", ""limitations"": ""p13""}",93F_STUDY_LEVEL_CHARTING.csv
SR_0424,Sí,No,Grad-CAM,"Cuatro mapas de calor en Figura12 para la DCNN propuesta; solo cualitativos, atribución de conjunto de datos y variante NR. Sin evaluación formal clínica/de localización.",Sí,"{""Full_Text_And_Verified_Tables"": ""PDF pp5–15 methods and Fig8–12/Table1; pp17–22 privacy/cost/discussion.""}",93F_STUDY_LEVEL_CHARTING.csv
SR_0441,No,No,NR,No se reportó método explicativo del modelo ni validación de localización.,Sí,"{""Full_Text_And_Verified_Tables"": ""PDF pp3–10;Tables1–10;Figs4–7.""}",93F_STUDY_LEVEL_CHARTING.csv
SR_0444,No,No,NR,Limitación explícita: interpretabilidad ausente; Grad-CAM solo como trabajo futuro.,Sí,"{""Full_Text_And_Verified_Tables"": ""PDF pp4–12,Tables1–9 and Figures2–7.""}",93F_STUDY_LEVEL_CHARTING.csv
SR_0452,Sí,No,Visualización de mapas de calor sin nombre,"Figura4: cuatro mapas de calor mamográficos descritos como áreas que informan la predicción; sin algoritmo Grad-CAM/atención identificado,atribución específica por modelo ni validación cuantitativa/experta.",Sí,"{""Full_Text_And_Verified_Tables"": ""PDF23pages;methodspp5–14;pseudocodepp12–13;Tables1–8pp11/15–17;Fig4p9.""}",93F_STUDY_LEVEL_CHARTING.csv
SR_0457,Sí,Sí,Atención de canal y espacial,"Mapas de calor de atención más Gini/entropía/intensidad máxima/cobertura,pruebas t/correlación de Pearson; sin validación frente a anotaciones expertas como referencia.",Sí,"{""Identity"": ""PDFp1"", ""Dataset"": ""IIIp3;Table1visual"", ""Preprocessing"": ""III.A–Bpp3–4;V.Ap6"", ""Training"": ""IV.Cp6;V.B–Dpp7–8"", ""Validation"": ""V.A/Cpp6–7;Table4p10"", ""Metrics"": ""Tables2–6pp9–12visual;Fig3p10"", ""XAI"": ""VI.Cpp11–12"", ""Cost"": ""IV.Bp5;V.Dpp7–8;Table3p9"", ""Limitations"": ""VIIpp12–13""}",93F_STUDY_LEVEL_CHARTING.csv
SR_0495,No,No,NR,No se demostró explicación para las ejecuciones elegibles CBIS de dos vistas. La saliencia/GradCAM de Figura8 y las activaciones de Figura1 corresponden únicamente a SEnet/PHYSEnet en la tarea secundaria de cuatro vistas.,Sí,"{""Identity"": ""p1"", ""Data"": ""§V.A pp6–7"", ""Training"": ""§IV/V pp4–8"", ""Results"": ""Tables1–4 pp7–9, visually verified"", ""XAI"": ""Figures1/8 and§VI.E pp2/10–11; four-view only"", ""Statistics_Code"": ""pp9–11""}",93F_STUDY_LEVEL_CHARTING.csv
SR_0548,No,No,NR,No se reportó análisis explicativo.,Sí,"{""Identity"": ""p1 title/authors/2022/DOI; coordinator visual p1 verification"", ""Dataset"": ""§3.1 pp3–4"", ""Preprocessing_Training"": ""§§3.2–3.7 pp4–8"", ""Validation"": ""§3.1 and §4"", ""Metrics_Cost"": ""Tables1–2 p10; §4.2 pp9–10; Figs5–7 p11"", ""Scope"": ""§4.3 pp11–14: MIAS explicitly three classes""}",93F_STUDY_LEVEL_CHARTING.csv
SR_0553,No,No,NR,No se implementó método explicativo.,Sí,"{""Identity"": ""p1 title/authors/year/DOI; coordinator visual confirmation"", ""Dataset"": ""§3.1 pp6–7"", ""Training"": ""§§3.2–3.4 pp7–9"", ""Validation"": ""§3.4 and §4 pp9–13"", ""Metrics"": ""Table3 and Fig7 p14; §4 p13"", ""Cost"": ""§3.2 p7 and Conclusion p15""}",93F_STUDY_LEVEL_CHARTING.csv
SR_0564,Sí,No,Grad-CAM guiado por atención,Fig6 solo del ESA-XGBNet propuesto: una imagen benigna INbreast y una maligna CBIS-DDSM. Sin validación cuantificada ni experta de localización; sin ejemplo MIAS. La trayectoria del gradiente a través del clasificador de árboles no está documentada.,Sí,"{""Identity"": ""p1 title,authors,DOI,pub12Sep2024"", ""Datasets"": ""Table1,p5;limitationsp15"", ""Methods"": ""sections3–4,Algorithm1pp5–9"", ""Results"": ""Tables2–6,Figures3–6pp9–14"", ""XAI"": ""Fig6p13 andsection4 text"", ""Reporting"": ""Full17pages including references""}",93F_STUDY_LEVEL_CHARTING.csv
SR_1169,Sí,No,Visualización de mapas de características,Fig4: características cualitativas YOLOv4/AMDF para tres casos malignos confirmados por biopsia; sin puntuación de atribución ni validación por lectores.,Sí,"{""Identity"": ""p1"", ""Dataset_GroundTruth"": ""Tables1–2 pp3–4; Methods p8"", ""Training_Preprocessing"": ""Methods pp9–13 and Table5"", ""Metrics"": ""Tables3–4 p4; Results pp4–5"", ""Validation"": ""p13 evaluation; p7 limitations"", ""XAI"": ""p11 and Fig4 p12"", ""Cost"": ""Discussion p6""}",93F_STUDY_LEVEL_CHARTING.csv
SR_1343,No,No,NR,Se muestran atención arquitectónica y cajas de detección; sin mapas explicativos de saliencia/atención ni evaluación XAI propia. GradCAM aparece solo en Tabla12 de literatura.,Sí,"{""Identity"": ""p1 title/authors/DOI/published16Jan2024"", ""Cohort"": ""sections4.1/Table3p12,Table4p13"", ""Methods"": ""sections3.1–3.4pp7–12;Algorithms1–3pp14–17"", ""Metrics"": ""Table9p21;Figures8–13pp21–24"", ""Computing"": ""section4.2p13;Table10p26"", ""Limitations"": ""discussionpp24–27;full30pages""}",93F_STUDY_LEVEL_CHARTING.csv
SR_1417,No,No,NR,Las reconstrucciones VAE ilustran la representación; sin método explicativo/de atribución de la clasificación.,Sí,"{""Identity"": ""p1 DOI/title/authors/year"", ""Scope_Dataset"": ""§§4.1–4.2 pp7–8; Tables2–3"", ""Training"": ""§§3.1–3.2 pp5–7;§4.3 p8"", ""Metrics"": ""Table5 p11,Table7 p14;Fig5 p13"", ""Cost"": ""Tables1 p7 and8 p14"", ""Code"": ""Data Availability p15""}",93F_STUDY_LEVEL_CHARTING.csv
SR_2330,No,No,NR,GradCAM e interpretación clínica propuestos únicamente como trabajo futuro.,Sí,"{""Identity"": ""p1/p29authors"", ""Dataset_Split"": ""pp9–13Table1"", ""Training"": ""pp11–17Tables3,5,6"", ""Metrics"": ""Tables3/7–9/14pp14/18–20/25;Figures8–10visual"", ""Statistics"": ""§4.9pp23–25Table13"", ""Code_Cost"": ""pp27–29""}",93F_STUDY_LEVEL_CHARTING.csv
SR_2468,Sí,Sí,Grad-CAM; Grad-CAM++; LayerCAM; Transformer-LRP,"ExViT completo,Tabla4 CBIS: fidelidad .62±.08,.65±.07,.68±.06,.71±.05;plausibilidad%71.4±12.3,74.2±10.5,76.9±11.1,79.5±9.8;incertidumbre×10^-2 3.45±1.12,3.18±1.05,2.97±.96,2.65±.89 en el orden de los métodos nombrados. Máscaras de prueba de localización puntual,5000 remuestreos bootstrap para IC explicativos. Sin verificación por radiólogos lectores;la base de Fig9 parece ruido/textura,fuente no clara.",Sí,"{""Identity"": ""pp1–2"", ""Data"": ""pp9–13Tables1/2"", ""Training"": ""pp15–18§5,Fig5 visual"", ""Results"": ""pp18–23Tables3/4 andunnumberedablation§6.8"", ""External_Cost"": ""pp23–26"", ""Code"": ""p29""}",93F_STUDY_LEVEL_CHARTING.csv
SR_2707,No,No,NR,"Atención cruzada arquitectónica y narrativa de casos fallidos, sin visualización explicativa aplicada ni evaluación cuantitativa de atribución.",Sí,"{""Identity"": ""L1–28"", ""Dataset"": ""L264–565;Table3 L2770–2814"", ""Preprocessing"": ""§3.2 L568–770"", ""Training"": ""Table4 L2815–2870;L2935–2960"", ""Results"": ""Tables7–25 L2960–4756"", ""Statistics"": ""Table26 L4770–4830"", ""Code"": ""L4880–4920""}",93F_STUDY_LEVEL_CHARTING.csv
SR_2713,No,No,NR,"La presencia de ROI se usa para particionar, no como explicación generada ni validación de atención.",Sí,"{""Identity"": ""L1–65"", ""Dataset"": ""L129–220 Tables1–4"", ""Preprocessing"": ""L228–230"", ""Training_Validation"": ""L237–265"", ""Metrics"": ""L276–344 Tables5–8"", ""Limitations"": ""L345–358""}",93F_STUDY_LEVEL_CHARTING.csv
SR_2728,No,No,NR,"Los modelos de referencia CNN/ViT puros elegibles no tienen explicación aplicada. SHAP, Grad-CAM y mapas de atención exclusivos del modelo propuesto se conservan como secundarios; los valores de atribución de características no establecen validación independiente de calidad explicativa.",Sí,"{""Identity"": ""p1 title, authors and DOI; publication 10 June 2026"", ""Dataset"": ""pp4–5 §3; p21 Table15"", ""Preprocessing_Training"": ""pp6–10 §4 and algorithm; pp18–20 §5.8"", ""Results"": ""pp13–17 Tables4–13; pp19–24 Tables14–17 and Figures26–30"", ""XAI"": ""p15 Table8; p22 Figure26; p24 Figure29"", ""Code"": ""p25 code availability""}",93F_STUDY_LEVEL_CHARTING.csv
SR_2732,No,No,NR,"No se reportó explicación independiente de ramas puras. Híbrido completo secundario: Grad-CAM; prueba de localización puntual .967 CBIS/.959 RTM; Brier .023/.029, ECE de 10 intervalos .014/.019. Solo máximo de localización, sin validación explicativa externa.",Sí,"{""Identity"": ""PDF pp1–2 title/authors, DOI and 2026 accepted manuscript"", ""Dataset"": ""§3.1 pp9–10; Table8 note p25; data availability p44"", ""Methods"": ""§3.2–5 pp10–23; Tables2–6"", ""Eligible_Results"": ""Table9 pp26–27; §6.7 pp39–42; Figure8 visually checked p27"", ""Secondary_Results"": ""Tables7–8,10–16 pp24–41; §6.6 pp37–38"", ""Limitations"": ""§6.8–7 pp42–43; figures/table discrepancies""}",93F_STUDY_LEVEL_CHARTING.csv
