Estudio,Dataset,Modelo CNN,Modelo ViT,Misma partición,Misma entrada,Mismo preprocesamiento,Mismo conjunto de evaluación,Métricas comunes,Resultado CNN,Resultado ViT,Validación externa,Comparabilidad
SR_0009,CBIS-DDSM,ConvNeXt only,ViT only,Sí,Sí,Sí,Sí,Accuracy; Precision; Recall; F1,"SR_0009_ConvNeXt_CBIS_CV; modelo=ConvNeXt only; evaluación=Validación cruzada de 5 particiones a nivel de paciente × 3 ejecuciones; se declara 20% reservado, pero las tablas indican CV y no se identifican métricas diferenciadas para ese conjunto; Accuracy=94.72 ± 0.41 DE [%]; Precision=94.28 ± 0.45 DE [%]; Recall=94.05 ± 0.52 DE [%]; F1=94.16 ± 0.48 DE [%]","SR_0009_ViT_CBIS_CV; modelo=ViT only; evaluación=Validación cruzada de 5 particiones a nivel de paciente × 3 ejecuciones; se declara 20% reservado, pero las tablas indican CV y no se identifican métricas diferenciadas para ese conjunto; Accuracy=95.31 ± 0.38 DE [%]; Precision=95.02 ± 0.42 DE [%]; Recall=94.75 ± 0.47 DE [%]; F1=94.88 ± 0.44 DE [%]",No,ALTA
SR_0039,CBIS-DDSM,ResNet-50 (matched CL/local/FedAvg/FedBN/FedProx/SCAFFOLD arms),Swin V2-T (same training paradigm),Sí,Sí,Sí,Sí,ROC_AUC; AP; Accuracy; F1; Precision; Recall; Precision@Recall0.90,"MÚLTIPLES_RESULTADOS | SR_0039_R001; modelo=ResNet-50 CL (pooled); evaluación=Prueba; principal; entrenamiento con CL (agrupado); ROC_AUC=0.7 [fracción]; AP=0.58 [unidades de la fuente: Todas las métricas en fracción 0–1]; Accuracy=0.66 [fracción]; F1=0.55 [fracción]; Precision=0.57 [fracción]; Recall=0.54 [fracción]; Precision@Recall0.90=0.45 [unidades de la fuente: Todas las métricas en fracción 0–1]; DE [AUC,AP,ACC,F1,Precision,Recall,Prec@Rec.90]=[0.02, 0.03, 0.01, 0.04, 0.03, 0.10, 0.01] || SR_0039_R004; modelo=ResNet-50 CBIS(Local); evaluación=Prueba; principal; entrenamiento con CBIS(Local); ROC_AUC=0.73 [fracción]; AP=0.63 [unidades de la fuente: Todas las métricas en fracción 0–1]; Accuracy=0.67 [fracción]; F1=0.52 [fracción]; Precision=0.61 [fracción]; Recall=0.49 [fracción]; Precision@Recall0.90=0.47 [unidades de la fuente: Todas las métricas en fracción 0–1]; DE [AUC,AP,ACC,F1,Precision,Recall,Prec@Rec.90]=[0.01, 0.01, 0.01, 0.10, 0.07, 0.18, 0.01] || SR_0039_R007; modelo=ResNet-50 VinDr(Local); evaluación=Prueba externa entre dominios; principal; entrenamiento con VinDr(Local); ROC_AUC=0.52 [fracción]; AP=0.4 [unidades de la fuente: Todas las métricas en fracción 0–1]; Accuracy=0.49 [fracción]; F1=0.48 [fracción]; Precision=0.4 [fracción]; Recall=0.61 [fracción]; Precision@Recall0.90=0.39 [unidades de la fuente: Todas las métricas en fracción 0–1]; DE [AUC,AP,ACC,F1,Precision,Recall,Prec@Rec.90]=[0.03, 0.01, 0.03, 0.02, 0.02, 0.04, 0.00] || SR_0039_R010; modelo=ResNet-50 FedAvg; evaluación=Prueba; principal; entrenamiento con FedAvg; ROC_AUC=0.62 [fracción]; AP=0.5 [unidades de la fuente: Todas las métricas en fracción 0–1]; Accuracy=0.49 [fracción]; F1=0.57 [fracción]; Precision=0.42 [fracción]; Recall=0.86 [fracción]; Precision@Recall0.90=0.43 [unidades de la fuente: Todas las métricas en fracción 0–1]; DE [AUC,AP,ACC,F1,Precision,Recall,Prec@Rec.90]=[0.01, 0.01, 0.04, 0.01, 0.01, 0.08, 0.00] || SR_0039_R027; modelo=ResNet-50 FedBN; evaluación=Prueba; principal; entrenamiento con FedBN; ROC_AUC=0.53 [fracción]; AP=0.42 [unidades de la fuente: Todas las métricas en fracción 0–1]; Accuracy=0.49 [fracción]; F1=0.47 [fracción]; Precision=0.39 [fracción]; Recall=0.67 [fracción]; Precision@Recall0.90=0.4 [unidades de la fuente: Todas las métricas en fracción 0–1]; DE [AUC,AP,ACC,F1,Precision,Recall,Prec@Rec.90]=[0.03, 0.03, 0.08, 0.14, 0.11, 0.31, 0.00] || SR_0039_R030; modelo=ResNet-50 FedProx; evaluación=Prueba; principal; entrenamiento con FedProx; ROC_AUC=0.61 [fracción]; AP=0.49 [unidades de la fuente: Todas las métricas en fracción 0–1]; Accuracy=0.5 [fracción]; F1=0.57 [fracción]; Precision=0.43 [fracción]; Recall=0.86 [fracción]; Precision@Recall0.90=0.42 [unidades de la fuente: Todas las métricas en fracción 0–1]; DE [AUC,AP,ACC,F1,Precision,Recall,Prec@Rec.90]=[0.01, 0.01, 0.05, 0.01, 0.02, 0.06, 0.01] || SR_0039_R033; modelo=ResNet-50 SCAFFOLD; evaluación=Prueba; principal; entrenamiento con SCAFFOLD; ROC_AUC=0.48 [fracción]; AP=0.38 [unidades de la fuente: Todas las métricas en fracción 0–1]; Accuracy=0.43 [fracción]; F1=0.51 [fracción]; Precision=0.38 [fracción]; Recall=0.77 [fracción]; Precision@Recall0.90=0.4 [unidades de la fuente: Todas las métricas en fracción 0–1]; DE [AUC,AP,ACC,F1,Precision,Recall,Prec@Rec.90]=[0.02, 0.00, 0.01, 0.05, 0.02, 0.14, 0.01]","MÚLTIPLES_RESULTADOS | SR_0039_R013; modelo=Swin V2-T CL (pooled); evaluación=Prueba; principal; entrenamiento con CL (agrupado); ROC_AUC=0.61 [fracción]; AP=0.52 [unidades de la fuente: Todas las métricas en fracción 0–1]; Accuracy=0.61 [fracción]; F1=0.16 [fracción]; Precision=0.5 [fracción]; Recall=0.16 [fracción]; Precision@Recall0.90=0.41 [unidades de la fuente: Todas las métricas en fracción 0–1]; DE [AUC,AP,ACC,F1,Precision,Recall,Prec@Rec.90]=[0.01, 0.03, 0.00, 0.28, 0.50, 0.27, 0.01] || SR_0039_R016; modelo=Swin V2-T CBIS(Local); evaluación=Prueba; principal; entrenamiento con CBIS(Local); ROC_AUC=0.68 [fracción]; AP=0.6 [unidades de la fuente: Todas las métricas en fracción 0–1]; Accuracy=0.67 [fracción]; F1=0.39 [fracción]; Precision=0.71 [fracción]; Recall=0.28 [fracción]; Precision@Recall0.90=0.45 [unidades de la fuente: Todas las métricas en fracción 0–1]; DE [AUC,AP,ACC,F1,Precision,Recall,Prec@Rec.90]=[0.01, 0.01, 0.01, 0.09, 0.11, 0.11, 0.00] || SR_0039_R019; modelo=Swin V2-T VinDr(Local); evaluación=Prueba externa entre dominios; principal; entrenamiento con VinDr(Local); ROC_AUC=0.48 [fracción]; AP=0.39 [unidades de la fuente: Todas las métricas en fracción 0–1]; Accuracy=0.47 [fracción]; F1=0.38 [fracción]; Precision=0.41 [fracción]; Recall=0.61 [fracción]; Precision@Recall0.90=0.38 [unidades de la fuente: Todas las métricas en fracción 0–1]; DE [AUC,AP,ACC,F1,Precision,Recall,Prec@Rec.90]=[0.01, 0.01, 0.12, 0.27, 0.05, 0.50, 0.00] || SR_0039_R022; modelo=Swin V2-T FedAvg; evaluación=Prueba; principal; entrenamiento con FedAvg; ROC_AUC=0.57 [fracción]; AP=0.47 [unidades de la fuente: Todas las métricas en fracción 0–1]; Accuracy=0.47 [fracción]; F1=0.54 [fracción]; Precision=0.41 [fracción]; Recall=0.8 [fracción]; Precision@Recall0.90=0.4 [unidades de la fuente: Todas las métricas en fracción 0–1]; DE [AUC,AP,ACC,F1,Precision,Recall,Prec@Rec.90]=[0.03, 0.06, 0.05, 0.02, 0.01, 0.15, 0.01] || SR_0039_R036; modelo=Swin V2-T FedBN; evaluación=Prueba; principal; entrenamiento con FedBN; ROC_AUC=0.52 [fracción]; AP=0.42 [unidades de la fuente: Todas las métricas en fracción 0–1]; Accuracy=0.55 [fracción]; F1=0.21 [fracción]; Precision=0.24 [fracción]; Recall=0.29 [fracción]; Precision@Recall0.90=0.4 [unidades de la fuente: Todas las métricas en fracción 0–1]; DE [AUC,AP,ACC,F1,Precision,Recall,Prec@Rec.90]=[0.05, 0.06, 0.08, 0.25, 0.19, 0.40, 0.00] || SR_0039_R039; modelo=Swin V2-T FedProx; evaluación=Prueba; principal; entrenamiento con FedProx; ROC_AUC=0.58 [fracción]; AP=0.49 [unidades de la fuente: Todas las métricas en fracción 0–1]; Accuracy=0.47 [fracción]; F1=0.37 [fracción]; Precision=0.26 [fracción]; Recall=0.64 [fracción]; Precision@Recall0.90=0.4 [unidades de la fuente: Todas las métricas en fracción 0–1]; DE [AUC,AP,ACC,F1,Precision,Recall,Prec@Rec.90]=[0.05, 0.05, 0.12, 0.32, 0.23, 0.55, 0.01] || SR_0039_R042; modelo=Swin V2-T SCAFFOLD; evaluación=Prueba; principal; entrenamiento con SCAFFOLD; ROC_AUC=0.53 [fracción]; AP=0.42 [unidades de la fuente: Todas las métricas en fracción 0–1]; Accuracy=0.58 [fracción]; F1=0.11 [fracción]; Precision=0.21 [fracción]; Recall=0.09 [fracción]; Precision@Recall0.90=0.4 [unidades de la fuente: Todas las métricas en fracción 0–1]; DE [AUC,AP,ACC,F1,Precision,Recall,Prec@Rec.90]=[0.04, 0.05, 0.03, 0.16, 0.19, 0.13, 0.01]",Sí solo para los brazos entrenados con VinDr(Local) y evaluados en CBIS; No para los demás brazos listados,ALTA
SR_0041,CBIS-DDSM,ConvNeXt-Base,ViT-Base/16,Sí,Sí (configuración común 384×384; adaptación NR),Sí,"No claro: se declara un protocolo común, pero la correspondencia entre CV y conjunto reservado no es clara",Accuracy; Precision; Recall; F1; MCC; Cohen_Kappa,"SR_0041_M03_T5; modelo=ConvNeXt-Base; evaluación=Dataset1 interno; agregación exacta de CV frente al 20% reservado no clara; Accuracy=91.5% [porcentaje (explícito en el valor)]; Precision=94.2% [porcentaje (explícito en el valor)]; Recall=93.9% [porcentaje (explícito en el valor)]; F1=94.0% [porcentaje (explícito en el valor)]; MCC=92.5% [porcentaje (explícito en el valor)]; Cohen_Kappa=92.3% [unidades de la fuente: Las seis columnas de la tabla explícitamente en porcentaje, incluidos MCC/Kappa]","SR_0041_M06_T5; modelo=ViT-Base/16; evaluación=Dataset1 interno; agregación exacta de CV frente al 20% reservado no clara; Accuracy=91.7% [porcentaje (explícito en el valor)]; Precision=90.1% [porcentaje (explícito en el valor)]; Recall=91.2% [porcentaje (explícito en el valor)]; F1=90.6% [porcentaje (explícito en el valor)]; MCC=93.8% [porcentaje (explícito en el valor)]; Cohen_Kappa=93.7% [unidades de la fuente: Las seis columnas de la tabla explícitamente en porcentaje, incluidos MCC/Kappa]",No,PARCIAL
SR_0041,CBIS-DDSM,ConvNeXt-Base,DeiT III-Base,Sí,Sí (configuración común 384×384; adaptación NR),Sí,"No claro: se declara un protocolo común, pero la correspondencia entre CV y conjunto reservado no es clara",Accuracy; Precision; Recall; F1; MCC; Cohen_Kappa,"SR_0041_M03_T5; modelo=ConvNeXt-Base; evaluación=Dataset1 interno; agregación exacta de CV frente al 20% reservado no clara; Accuracy=91.5% [porcentaje (explícito en el valor)]; Precision=94.2% [porcentaje (explícito en el valor)]; Recall=93.9% [porcentaje (explícito en el valor)]; F1=94.0% [porcentaje (explícito en el valor)]; MCC=92.5% [porcentaje (explícito en el valor)]; Cohen_Kappa=92.3% [unidades de la fuente: Las seis columnas de la tabla explícitamente en porcentaje, incluidos MCC/Kappa]","SR_0041_M07_T5; modelo=DeiT III-Base; evaluación=Dataset1 interno; agregación exacta de CV frente al 20% reservado no clara; Accuracy=90.8% [porcentaje (explícito en el valor)]; Precision=91.4% [porcentaje (explícito en el valor)]; Recall=91.7% [porcentaje (explícito en el valor)]; F1=91.5% [porcentaje (explícito en el valor)]; MCC=94.5% [porcentaje (explícito en el valor)]; Cohen_Kappa=94.4% [unidades de la fuente: Las seis columnas de la tabla explícitamente en porcentaje, incluidos MCC/Kappa]",No,PARCIAL
SR_0041,CBIS-DDSM,ConvNeXt-Base,Swin Transformer V2-Base,Sí,Sí (configuración común 384×384; adaptación NR),Sí,"No claro: se declara un protocolo común, pero la correspondencia entre CV y conjunto reservado no es clara",Accuracy; Precision; Recall; F1; MCC; Cohen_Kappa,"SR_0041_M03_T5; modelo=ConvNeXt-Base; evaluación=Dataset1 interno; agregación exacta de CV frente al 20% reservado no clara; Accuracy=91.5% [porcentaje (explícito en el valor)]; Precision=94.2% [porcentaje (explícito en el valor)]; Recall=93.9% [porcentaje (explícito en el valor)]; F1=94.0% [porcentaje (explícito en el valor)]; MCC=92.5% [porcentaje (explícito en el valor)]; Cohen_Kappa=92.3% [unidades de la fuente: Las seis columnas de la tabla explícitamente en porcentaje, incluidos MCC/Kappa]","SR_0041_M08_T5; modelo=Swin Transformer V2-Base; evaluación=Dataset1 interno; agregación exacta de CV frente al 20% reservado no clara; Accuracy=92.7% [porcentaje (explícito en el valor)]; Precision=90.6% [porcentaje (explícito en el valor)]; Recall=91.1% [porcentaje (explícito en el valor)]; F1=90.8% [porcentaje (explícito en el valor)]; MCC=95.2% [porcentaje (explícito en el valor)]; Cohen_Kappa=95.1% [unidades de la fuente: Las seis columnas de la tabla explícitamente en porcentaje, incluidos MCC/Kappa]",No,PARCIAL
SR_0041,CBIS-DDSM,EfficientNet-V2-S,ViT-Base/16,Sí,Sí (configuración común 384×384; adaptación NR),Sí,"No claro: se declara un protocolo común, pero la correspondencia entre CV y conjunto reservado no es clara",Accuracy; Precision; Recall; F1; MCC; Cohen_Kappa,"SR_0041_M04_T5; modelo=EfficientNet-V2-S; evaluación=Dataset1 interno; agregación exacta de CV frente al 20% reservado no clara; Accuracy=92.2% [porcentaje (explícito en el valor)]; Precision=93.7% [porcentaje (explícito en el valor)]; Recall=92.4% [porcentaje (explícito en el valor)]; F1=93.0% [porcentaje (explícito en el valor)]; MCC=93.2% [porcentaje (explícito en el valor)]; Cohen_Kappa=93.1% [unidades de la fuente: Las seis columnas de la tabla explícitamente en porcentaje, incluidos MCC/Kappa]","SR_0041_M06_T5; modelo=ViT-Base/16; evaluación=Dataset1 interno; agregación exacta de CV frente al 20% reservado no clara; Accuracy=91.7% [porcentaje (explícito en el valor)]; Precision=90.1% [porcentaje (explícito en el valor)]; Recall=91.2% [porcentaje (explícito en el valor)]; F1=90.6% [porcentaje (explícito en el valor)]; MCC=93.8% [porcentaje (explícito en el valor)]; Cohen_Kappa=93.7% [unidades de la fuente: Las seis columnas de la tabla explícitamente en porcentaje, incluidos MCC/Kappa]",No,PARCIAL
SR_0041,CBIS-DDSM,EfficientNet-V2-S,DeiT III-Base,Sí,Sí (configuración común 384×384; adaptación NR),Sí,"No claro: se declara un protocolo común, pero la correspondencia entre CV y conjunto reservado no es clara",Accuracy; Precision; Recall; F1; MCC; Cohen_Kappa,"SR_0041_M04_T5; modelo=EfficientNet-V2-S; evaluación=Dataset1 interno; agregación exacta de CV frente al 20% reservado no clara; Accuracy=92.2% [porcentaje (explícito en el valor)]; Precision=93.7% [porcentaje (explícito en el valor)]; Recall=92.4% [porcentaje (explícito en el valor)]; F1=93.0% [porcentaje (explícito en el valor)]; MCC=93.2% [porcentaje (explícito en el valor)]; Cohen_Kappa=93.1% [unidades de la fuente: Las seis columnas de la tabla explícitamente en porcentaje, incluidos MCC/Kappa]","SR_0041_M07_T5; modelo=DeiT III-Base; evaluación=Dataset1 interno; agregación exacta de CV frente al 20% reservado no clara; Accuracy=90.8% [porcentaje (explícito en el valor)]; Precision=91.4% [porcentaje (explícito en el valor)]; Recall=91.7% [porcentaje (explícito en el valor)]; F1=91.5% [porcentaje (explícito en el valor)]; MCC=94.5% [porcentaje (explícito en el valor)]; Cohen_Kappa=94.4% [unidades de la fuente: Las seis columnas de la tabla explícitamente en porcentaje, incluidos MCC/Kappa]",No,PARCIAL
SR_0041,CBIS-DDSM,EfficientNet-V2-S,Swin Transformer V2-Base,Sí,Sí (configuración común 384×384; adaptación NR),Sí,"No claro: se declara un protocolo común, pero la correspondencia entre CV y conjunto reservado no es clara",Accuracy; Precision; Recall; F1; MCC; Cohen_Kappa,"SR_0041_M04_T5; modelo=EfficientNet-V2-S; evaluación=Dataset1 interno; agregación exacta de CV frente al 20% reservado no clara; Accuracy=92.2% [porcentaje (explícito en el valor)]; Precision=93.7% [porcentaje (explícito en el valor)]; Recall=92.4% [porcentaje (explícito en el valor)]; F1=93.0% [porcentaje (explícito en el valor)]; MCC=93.2% [porcentaje (explícito en el valor)]; Cohen_Kappa=93.1% [unidades de la fuente: Las seis columnas de la tabla explícitamente en porcentaje, incluidos MCC/Kappa]","SR_0041_M08_T5; modelo=Swin Transformer V2-Base; evaluación=Dataset1 interno; agregación exacta de CV frente al 20% reservado no clara; Accuracy=92.7% [porcentaje (explícito en el valor)]; Precision=90.6% [porcentaje (explícito en el valor)]; Recall=91.1% [porcentaje (explícito en el valor)]; F1=90.8% [porcentaje (explícito en el valor)]; MCC=95.2% [porcentaje (explícito en el valor)]; Cohen_Kappa=95.1% [unidades de la fuente: Las seis columnas de la tabla explícitamente en porcentaje, incluidos MCC/Kappa]",No,PARCIAL
SR_0041,CBIS-DDSM,RegNetY-8GF,ViT-Base/16,Sí,Sí (configuración común 384×384; adaptación NR),Sí,"No claro: se declara un protocolo común, pero la correspondencia entre CV y conjunto reservado no es clara",Accuracy; Precision; Recall; F1; MCC; Cohen_Kappa,"SR_0041_M05_T5; modelo=RegNetY-8GF; evaluación=Dataset1 interno; agregación exacta de CV frente al 20% reservado no clara; Accuracy=93.1% [porcentaje (explícito en el valor)]; Precision=92.4% [porcentaje (explícito en el valor)]; Recall=91.9% [porcentaje (explícito en el valor)]; F1=92.1% [porcentaje (explícito en el valor)]; MCC=91.8% [porcentaje (explícito en el valor)]; Cohen_Kappa=91.6% [unidades de la fuente: Las seis columnas de la tabla explícitamente en porcentaje, incluidos MCC/Kappa]","SR_0041_M06_T5; modelo=ViT-Base/16; evaluación=Dataset1 interno; agregación exacta de CV frente al 20% reservado no clara; Accuracy=91.7% [porcentaje (explícito en el valor)]; Precision=90.1% [porcentaje (explícito en el valor)]; Recall=91.2% [porcentaje (explícito en el valor)]; F1=90.6% [porcentaje (explícito en el valor)]; MCC=93.8% [porcentaje (explícito en el valor)]; Cohen_Kappa=93.7% [unidades de la fuente: Las seis columnas de la tabla explícitamente en porcentaje, incluidos MCC/Kappa]",No,PARCIAL
SR_0041,CBIS-DDSM,RegNetY-8GF,DeiT III-Base,Sí,Sí (configuración común 384×384; adaptación NR),Sí,"No claro: se declara un protocolo común, pero la correspondencia entre CV y conjunto reservado no es clara",Accuracy; Precision; Recall; F1; MCC; Cohen_Kappa,"SR_0041_M05_T5; modelo=RegNetY-8GF; evaluación=Dataset1 interno; agregación exacta de CV frente al 20% reservado no clara; Accuracy=93.1% [porcentaje (explícito en el valor)]; Precision=92.4% [porcentaje (explícito en el valor)]; Recall=91.9% [porcentaje (explícito en el valor)]; F1=92.1% [porcentaje (explícito en el valor)]; MCC=91.8% [porcentaje (explícito en el valor)]; Cohen_Kappa=91.6% [unidades de la fuente: Las seis columnas de la tabla explícitamente en porcentaje, incluidos MCC/Kappa]","SR_0041_M07_T5; modelo=DeiT III-Base; evaluación=Dataset1 interno; agregación exacta de CV frente al 20% reservado no clara; Accuracy=90.8% [porcentaje (explícito en el valor)]; Precision=91.4% [porcentaje (explícito en el valor)]; Recall=91.7% [porcentaje (explícito en el valor)]; F1=91.5% [porcentaje (explícito en el valor)]; MCC=94.5% [porcentaje (explícito en el valor)]; Cohen_Kappa=94.4% [unidades de la fuente: Las seis columnas de la tabla explícitamente en porcentaje, incluidos MCC/Kappa]",No,PARCIAL
SR_0041,CBIS-DDSM,RegNetY-8GF,Swin Transformer V2-Base,Sí,Sí (configuración común 384×384; adaptación NR),Sí,"No claro: se declara un protocolo común, pero la correspondencia entre CV y conjunto reservado no es clara",Accuracy; Precision; Recall; F1; MCC; Cohen_Kappa,"SR_0041_M05_T5; modelo=RegNetY-8GF; evaluación=Dataset1 interno; agregación exacta de CV frente al 20% reservado no clara; Accuracy=93.1% [porcentaje (explícito en el valor)]; Precision=92.4% [porcentaje (explícito en el valor)]; Recall=91.9% [porcentaje (explícito en el valor)]; F1=92.1% [porcentaje (explícito en el valor)]; MCC=91.8% [porcentaje (explícito en el valor)]; Cohen_Kappa=91.6% [unidades de la fuente: Las seis columnas de la tabla explícitamente en porcentaje, incluidos MCC/Kappa]","SR_0041_M08_T5; modelo=Swin Transformer V2-Base; evaluación=Dataset1 interno; agregación exacta de CV frente al 20% reservado no clara; Accuracy=92.7% [porcentaje (explícito en el valor)]; Precision=90.6% [porcentaje (explícito en el valor)]; Recall=91.1% [porcentaje (explícito en el valor)]; F1=90.8% [porcentaje (explícito en el valor)]; MCC=95.2% [porcentaje (explícito en el valor)]; Cohen_Kappa=95.1% [unidades de la fuente: Las seis columnas de la tabla explícitamente en porcentaje, incluidos MCC/Kappa]",No,PARCIAL
SR_0041,CBIS-DDSM,ConvNeXt-Base + Softmax,SwinV2-Base + Softmax,No claro,"Sí, configuración común","Sí, CLAHE",No claro,Accuracy; Precision; Recall; F1; MCC; Cohen_Kappa,"SR_0041_M01_T4; modelo=ConvNeXt-Base + Softmax; evaluación=Dataset1 interno; agregación exacta de CV frente al 20% reservado no clara; Accuracy=91.3% [porcentaje (explícito en el valor)]; Precision=91.9% [porcentaje (explícito en el valor)]; Recall=91.5% [porcentaje (explícito en el valor)]; F1=91.7% [porcentaje (explícito en el valor)]; MCC=87.6% [porcentaje (explícito en el valor)]; Cohen_Kappa=87.3% [unidades de la fuente: Las seis columnas de la tabla explícitamente en porcentaje, incluidos MCC/Kappa]","SR_0041_M02_T4; modelo=SwinV2-Base + Softmax; evaluación=Dataset1 interno; agregación exacta de CV frente al 20% reservado no clara; Accuracy=92.0% [porcentaje (explícito en el valor)]; Precision=92.8% [porcentaje (explícito en el valor)]; Recall=92.1% [porcentaje (explícito en el valor)]; F1=92.4% [porcentaje (explícito en el valor)]; MCC=87.9% [porcentaje (explícito en el valor)]; Cohen_Kappa=87.5% [unidades de la fuente: Las seis columnas de la tabla explícitamente en porcentaje, incluidos MCC/Kappa]",No,PARCIAL
SR_0047,VinDr-Mammo,ResNet50;EfficientNet-B4;ConvNeXt;MobileNetV3,Swin Transformer,Sí,PARCIAL (EfficientNet380 frente a224),Sí,Sí dentro del mismo brazo de estratificación de ROI,Accuracy; Sensitivity; Specificity; F1,MÚLTIPLES_RESULTADOS | SR_0047_R001; modelo=ResNet50; evaluación=PRUEBA_RESERVADA; Accuracy=0.8308 [fracción]; Sensitivity=0.4343 [fracción]; Specificity=0.9009 [fracción]; F1=0.4354 [fracción] || SR_0047_R002; modelo=EfficientNet-B4; evaluación=PRUEBA_RESERVADA; Accuracy=0.8331 [fracción]; Sensitivity=0.4242 [fracción]; Specificity=0.9054 [fracción]; F1=0.433 [fracción] || SR_0047_R004; modelo=ConvNeXt(sizeNR); evaluación=PRUEBA_RESERVADA; Accuracy=0.8475 [fracción]; Sensitivity=0.3737 [fracción]; Specificity=0.9313 [fracción]; F1=0.4241 [fracción] || SR_0047_R005; modelo=MobileNetV3(sizeNR); evaluación=PRUEBA_RESERVADA; Accuracy=0.8194 [fracción]; Sensitivity=0.3636 [fracción]; Specificity=0.9 [fracción]; F1=0.377 [fracción] || SR_0047_R006; modelo=ResNet50; evaluación=PRUEBA_RESERVADA; Accuracy=0.8968 [fracción]; Sensitivity=0.5202 [fracción]; Specificity=0.9634 [fracción]; F1=0.6023 [fracción] || SR_0047_R007; modelo=EfficientNet-B4; evaluación=PRUEBA_RESERVADA; Accuracy=0.9059 [fracción]; Sensitivity=0.6162 [fracción]; Specificity=0.9571 [fracción]; F1=0.663 [fracción] || SR_0047_R009; modelo=ConvNeXt(sizeNR); evaluación=PRUEBA_RESERVADA; Accuracy=0.8862 [fracción]; Sensitivity=0.5253 [fracción]; Specificity=0.95 [fracción]; F1=0.581 [fracción] || SR_0047_R010; modelo=MobileNetV3(sizeNR); evaluación=PRUEBA_RESERVADA; Accuracy=0.8945 [fracción]; Sensitivity=0.58808 [fracción]; Specificity=0.95 [fracción]; F1=0.6233 [fracción],MÚLTIPLES_RESULTADOS | SR_0047_R003; modelo=Swin Transformer(sizeNR); evaluación=PRUEBA_RESERVADA; Accuracy=0.8285 [fracción]; Sensitivity=0.4192 [fracción]; Specificity=0.9009 [fracción]; F1=0.4235 [fracción] || SR_0047_R008; modelo=Swin Transformer(sizeNR); evaluación=PRUEBA_RESERVADA; Accuracy=0.9074 [fracción]; Sensitivity=0.6162 [fracción]; Specificity=0.9589 [fracción]; F1=0.6667 [fracción],No,PARCIAL
SR_0047,DMID,ResNet50;EfficientNet-B4;ConvNeXt;MobileNetV3,Swin Transformer,Sí,PARCIAL (EfficientNet380 frente a224),Sí,Sí dentro del mismo brazo de estratificación de ROI,Accuracy; Sensitivity; Specificity; F1,MÚLTIPLES_RESULTADOS | SR_0047_R011; modelo=ResNet50; evaluación=PRUEBA_RESERVADA; Accuracy=0.8571 [fracción]; Sensitivity=1 [fracción]; Specificity=0.7143 [fracción]; F1=0.875 [fracción] || SR_0047_R012; modelo=EfficientNet-B4; evaluación=PRUEBA_RESERVADA; Accuracy=0.75 [fracción]; Sensitivity=0.9286 [fracción]; Specificity=0.5714 [fracción]; F1=0.7879 [fracción] || SR_0047_R014; modelo=ConvNeXt(sizeNR); evaluación=PRUEBA_RESERVADA; Accuracy=0.7857 [fracción]; Sensitivity=0.7857 [fracción]; Specificity=0.7857 [fracción]; F1=0.7857 [fracción] || SR_0047_R015; modelo=MobileNetV3(sizeNR); evaluación=PRUEBA_RESERVADA; Accuracy=0.7143 [fracción]; Sensitivity=0.8571 [fracción]; Specificity=0.5714 [fracción]; F1=0.75 [fracción] || SR_0047_R016; modelo=ResNet50; evaluación=PRUEBA_RESERVADA; Accuracy=0.8148 [fracción]; Sensitivity=0.7692 [fracción]; Specificity=0.8571 [fracción]; F1=0.8 [fracción] || SR_0047_R017; modelo=EfficientNet-B4; evaluación=PRUEBA_RESERVADA; Accuracy=0.3704 [fracción]; Sensitivity=0.3077 [fracción]; Specificity=0.4286 [fracción]; F1=0.32 [fracción] || SR_0047_R019; modelo=ConvNeXt(sizeNR); evaluación=PRUEBA_RESERVADA; Accuracy=0.8148 [fracción]; Sensitivity=0.9231 [fracción]; Specificity=0.7143 [fracción]; F1=0.8276 [fracción] || SR_0047_R020; modelo=MobileNetV3(sizeNR); evaluación=PRUEBA_RESERVADA; Accuracy=0.5926 [fracción]; Sensitivity=0.5385 [fracción]; Specificity=0.6429 [fracción]; F1=0.56 [fracción],MÚLTIPLES_RESULTADOS | SR_0047_R013; modelo=Swin Transformer(sizeNR); evaluación=PRUEBA_RESERVADA; Accuracy=0.6786 [fracción]; Sensitivity=0.7857 [fracción]; Specificity=0.7857 [fracción]; F1=0.7857 [fracción] || SR_0047_R018; modelo=Swin Transformer(sizeNR); evaluación=PRUEBA_RESERVADA; Accuracy=0.5926 [fracción]; Sensitivity=0.6154 [fracción]; Specificity=0.5714 [fracción]; F1=0.5926 [fracción],No,PARCIAL
SR_0155,INbreast as described / Mendeley ywsbh3ndr8 v2,EfficientNetB7,PTr,No claro,Sí,Sí,No claro,Accuracy; ROC_AUC; Recall; Precision; F1,SR_0155_EfficientNetB7_test; modelo=EfficientNetB7; evaluación=Prueba interna de 415 imágenes (Tabla4); otros denominadores de matrices presentan discrepancias; Accuracy=94.22 [porcentaje]; ROC_AUC=0.988 [fracción]; Recall=92 [porcentaje]; Precision=99 [porcentaje]; F1=95 [porcentaje],SR_0155_PTr_test; modelo=PTr; evaluación=Prueba interna de 415 imágenes (Tabla4); otros denominadores de matrices presentan discrepancias; Accuracy=99.87 [porcentaje]; ROC_AUC=0.998 [fracción]; Recall=99 [porcentaje]; Precision=99.98 [porcentaje]; F1=99.99 [porcentaje],No,PARCIAL
SR_0155,INbreast as described / Mendeley ywsbh3ndr8 v2,EfficientNetB7,ViT,No claro,Sí,Sí,No claro,Accuracy; ROC_AUC; Recall; Precision; F1,SR_0155_EfficientNetB7_test; modelo=EfficientNetB7; evaluación=Prueba interna de 415 imágenes (Tabla4); otros denominadores de matrices presentan discrepancias; Accuracy=94.22 [porcentaje]; ROC_AUC=0.988 [fracción]; Recall=92 [porcentaje]; Precision=99 [porcentaje]; F1=95 [porcentaje],SR_0155_ViT_test; modelo=ViT; evaluación=Prueba interna de 415 imágenes (Tabla4); otros denominadores de matrices presentan discrepancias; Accuracy=98.43 [porcentaje]; ROC_AUC=0.996 [fracción]; Recall=98 [porcentaje]; Precision=99 [porcentaje]; F1=99 [porcentaje],No,PARCIAL
SR_0155,INbreast as described / Mendeley ywsbh3ndr8 v2,MobileNetV3,PTr,No claro,Sí,Sí,No claro,Accuracy; ROC_AUC; Recall; Precision; F1,SR_0155_MobileNetV3_test; modelo=MobileNetV3; evaluación=Prueba interna de 415 imágenes (Tabla4); otros denominadores de matrices presentan discrepancias; Accuracy=93.16 [porcentaje]; ROC_AUC=0.949 [fracción]; Recall=94 [porcentaje]; Precision=94 [porcentaje]; F1=94 [porcentaje],SR_0155_PTr_test; modelo=PTr; evaluación=Prueba interna de 415 imágenes (Tabla4); otros denominadores de matrices presentan discrepancias; Accuracy=99.87 [porcentaje]; ROC_AUC=0.998 [fracción]; Recall=99 [porcentaje]; Precision=99.98 [porcentaje]; F1=99.99 [porcentaje],No,PARCIAL
SR_0155,INbreast as described / Mendeley ywsbh3ndr8 v2,MobileNetV3,ViT,No claro,Sí,Sí,No claro,Accuracy; ROC_AUC; Recall; Precision; F1,SR_0155_MobileNetV3_test; modelo=MobileNetV3; evaluación=Prueba interna de 415 imágenes (Tabla4); otros denominadores de matrices presentan discrepancias; Accuracy=93.16 [porcentaje]; ROC_AUC=0.949 [fracción]; Recall=94 [porcentaje]; Precision=94 [porcentaje]; F1=94 [porcentaje],SR_0155_ViT_test; modelo=ViT; evaluación=Prueba interna de 415 imágenes (Tabla4); otros denominadores de matrices presentan discrepancias; Accuracy=98.43 [porcentaje]; ROC_AUC=0.996 [fracción]; Recall=98 [porcentaje]; Precision=99 [porcentaje]; F1=99 [porcentaje],No,PARCIAL
SR_0275,DDSM (Mendeley ywsbh3ndr8/2),ResNet50,ViT-base,Sí (protocolo común declarado),Sí,Sí,No claro (atribución a CV frente a conjunto reservado),Accuracy; ROC_AUC; F1; Precision; Recall; MCC; Kappa,SR_0275_M13_CV; modelo=ResNet50 transfer learning; evaluación=Validación cruzada de 5 particiones; atribución a la prueba reservada no diferenciada; Accuracy=0.95 [fracción]; ROC_AUC=0.96 [fracción]; F1=0.95 [fracción]; Precision=0.95 [fracción]; Recall=0.95 [fracción]; MCC=0.94 [fracción]; Kappa=0.94 [unidades de la fuente: Fracciones; valores ± descritos como intervalos de confianza del 95%]; Incertidumbre reportada: Accuracy 0.95 ± 0.01; AUC 0.96 ± 0.01; F1 0.95 ± 0.01; Precision 0.95 ± 0.01; Recall 0.95 ± 0.01; MCC 0.94 ± 0.01; Kappa 0.94 ± 0.02,SR_0275_M01_CV; modelo=ViT-base transfer learning; evaluación=Validación cruzada de 5 particiones; atribución a la prueba reservada no diferenciada; Accuracy=1 [fracción]; ROC_AUC=1 [fracción]; F1=1 [fracción]; Precision=1 [fracción]; Recall=1 [fracción]; MCC=1 [fracción]; Kappa=1.0 [unidades de la fuente: Fracciones; valores ± descritos como intervalos de confianza del 95%]; Incertidumbre reportada: Accuracy 1 ± 0; AUC 1 ± 0; F1 1 ± 0; Precision 1 ± 0; Recall 1 ± 0; MCC 1 ± 0; Kappa 1 ± 0,No,PARCIAL
SR_0275,DDSM (Mendeley ywsbh3ndr8/2),ResNet50,ViT-large,Sí (protocolo común declarado),Sí,Sí,No claro (atribución a CV frente a conjunto reservado),Accuracy; ROC_AUC; F1; Precision; Recall; MCC; Kappa,SR_0275_M13_CV; modelo=ResNet50 transfer learning; evaluación=Validación cruzada de 5 particiones; atribución a la prueba reservada no diferenciada; Accuracy=0.95 [fracción]; ROC_AUC=0.96 [fracción]; F1=0.95 [fracción]; Precision=0.95 [fracción]; Recall=0.95 [fracción]; MCC=0.94 [fracción]; Kappa=0.94 [unidades de la fuente: Fracciones; valores ± descritos como intervalos de confianza del 95%]; Incertidumbre reportada: Accuracy 0.95 ± 0.01; AUC 0.96 ± 0.01; F1 0.95 ± 0.01; Precision 0.95 ± 0.01; Recall 0.95 ± 0.01; MCC 0.94 ± 0.01; Kappa 0.94 ± 0.02,SR_0275_M02_CV; modelo=ViT-large transfer learning; evaluación=Validación cruzada de 5 particiones; atribución a la prueba reservada no diferenciada; Accuracy=1 [fracción]; ROC_AUC=1 [fracción]; F1=1 [fracción]; Precision=1 [fracción]; Recall=1 [fracción]; MCC=1 [fracción]; Kappa=1.0 [unidades de la fuente: Fracciones; valores ± descritos como intervalos de confianza del 95%]; Incertidumbre reportada: Accuracy 1 ± 0; AUC 1 ± 0; F1 1 ± 0; Precision 1 ± 0; Recall 1 ± 0; MCC 1 ± 0; Kappa 1 ± 0,No,PARCIAL
SR_0275,DDSM (Mendeley ywsbh3ndr8/2),ResNet50,Swin-small,Sí (protocolo común declarado),Sí,Sí,No claro (atribución a CV frente a conjunto reservado),Accuracy; ROC_AUC; F1; Precision; Recall; MCC; Kappa,SR_0275_M13_CV; modelo=ResNet50 transfer learning; evaluación=Validación cruzada de 5 particiones; atribución a la prueba reservada no diferenciada; Accuracy=0.95 [fracción]; ROC_AUC=0.96 [fracción]; F1=0.95 [fracción]; Precision=0.95 [fracción]; Recall=0.95 [fracción]; MCC=0.94 [fracción]; Kappa=0.94 [unidades de la fuente: Fracciones; valores ± descritos como intervalos de confianza del 95%]; Incertidumbre reportada: Accuracy 0.95 ± 0.01; AUC 0.96 ± 0.01; F1 0.95 ± 0.01; Precision 0.95 ± 0.01; Recall 0.95 ± 0.01; MCC 0.94 ± 0.01; Kappa 0.94 ± 0.02,SR_0275_M03_CV; modelo=Swin-small transfer learning; evaluación=Validación cruzada de 5 particiones; atribución a la prueba reservada no diferenciada; Accuracy=1 [fracción]; ROC_AUC=1 [fracción]; F1=1 [fracción]; Precision=1 [fracción]; Recall=1 [fracción]; MCC=1 [fracción]; Kappa=1.0 [unidades de la fuente: Fracciones; valores ± descritos como intervalos de confianza del 95%]; Incertidumbre reportada: Accuracy 1 ± 0; AUC 1 ± 0; F1 1 ± 0; Precision 1 ± 0; Recall 1 ± 0; MCC 1 ± 0; Kappa 1 ± 0,No,PARCIAL
SR_0275,DDSM (Mendeley ywsbh3ndr8/2),ResNet50,Swin-base,Sí (protocolo común declarado),Sí,Sí,No claro (atribución a CV frente a conjunto reservado),Accuracy; ROC_AUC; F1; Precision; Recall; MCC; Kappa,SR_0275_M13_CV; modelo=ResNet50 transfer learning; evaluación=Validación cruzada de 5 particiones; atribución a la prueba reservada no diferenciada; Accuracy=0.95 [fracción]; ROC_AUC=0.96 [fracción]; F1=0.95 [fracción]; Precision=0.95 [fracción]; Recall=0.95 [fracción]; MCC=0.94 [fracción]; Kappa=0.94 [unidades de la fuente: Fracciones; valores ± descritos como intervalos de confianza del 95%]; Incertidumbre reportada: Accuracy 0.95 ± 0.01; AUC 0.96 ± 0.01; F1 0.95 ± 0.01; Precision 0.95 ± 0.01; Recall 0.95 ± 0.01; MCC 0.94 ± 0.01; Kappa 0.94 ± 0.02,SR_0275_M04_CV; modelo=Swin-base transfer learning; evaluación=Validación cruzada de 5 particiones; atribución a la prueba reservada no diferenciada; Accuracy=1 [fracción]; ROC_AUC=1 [fracción]; F1=1 [fracción]; Precision=1 [fracción]; Recall=1 [fracción]; MCC=1 [fracción]; Kappa=1.0 [unidades de la fuente: Fracciones; valores ± descritos como intervalos de confianza del 95%]; Incertidumbre reportada: Accuracy 1 ± 0; AUC 1 ± 0; F1 1 ± 0; Precision 1 ± 0; Recall 1 ± 0; MCC 1 ± 0; Kappa 1 ± 0,No,PARCIAL
SR_0275,DDSM (Mendeley ywsbh3ndr8/2),ResNet50,PVT-medium,Sí (protocolo común declarado),Sí,Sí,No claro (atribución a CV frente a conjunto reservado),Accuracy; ROC_AUC; F1; Precision; Recall; MCC; Kappa,SR_0275_M13_CV; modelo=ResNet50 transfer learning; evaluación=Validación cruzada de 5 particiones; atribución a la prueba reservada no diferenciada; Accuracy=0.95 [fracción]; ROC_AUC=0.96 [fracción]; F1=0.95 [fracción]; Precision=0.95 [fracción]; Recall=0.95 [fracción]; MCC=0.94 [fracción]; Kappa=0.94 [unidades de la fuente: Fracciones; valores ± descritos como intervalos de confianza del 95%]; Incertidumbre reportada: Accuracy 0.95 ± 0.01; AUC 0.96 ± 0.01; F1 0.95 ± 0.01; Precision 0.95 ± 0.01; Recall 0.95 ± 0.01; MCC 0.94 ± 0.01; Kappa 0.94 ± 0.02,SR_0275_M05_CV; modelo=PVT-medium transfer learning; evaluación=Validación cruzada de 5 particiones; atribución a la prueba reservada no diferenciada; Accuracy=1 [fracción]; ROC_AUC=1 [fracción]; F1=1 [fracción]; Precision=1 [fracción]; Recall=1 [fracción]; MCC=1 [fracción]; Kappa=1.0 [unidades de la fuente: Fracciones; valores ± descritos como intervalos de confianza del 95%]; Incertidumbre reportada: Accuracy 1 ± 0; AUC 1 ± 0; F1 1 ± 0; Precision 1 ± 0; Recall 1 ± 0; MCC 1 ± 0; Kappa 1 ± 0,No,PARCIAL
SR_0275,DDSM (Mendeley ywsbh3ndr8/2),ResNet50,PVT-large,Sí (protocolo común declarado),Sí,Sí,No claro (atribución a CV frente a conjunto reservado),Accuracy; ROC_AUC; F1; Precision; Recall; MCC; Kappa,SR_0275_M13_CV; modelo=ResNet50 transfer learning; evaluación=Validación cruzada de 5 particiones; atribución a la prueba reservada no diferenciada; Accuracy=0.95 [fracción]; ROC_AUC=0.96 [fracción]; F1=0.95 [fracción]; Precision=0.95 [fracción]; Recall=0.95 [fracción]; MCC=0.94 [fracción]; Kappa=0.94 [unidades de la fuente: Fracciones; valores ± descritos como intervalos de confianza del 95%]; Incertidumbre reportada: Accuracy 0.95 ± 0.01; AUC 0.96 ± 0.01; F1 0.95 ± 0.01; Precision 0.95 ± 0.01; Recall 0.95 ± 0.01; MCC 0.94 ± 0.01; Kappa 0.94 ± 0.02,SR_0275_M06_CV; modelo=PVT-large transfer learning; evaluación=Validación cruzada de 5 particiones; atribución a la prueba reservada no diferenciada; Accuracy=1 [fracción]; ROC_AUC=1 [fracción]; F1=1 [fracción]; Precision=1 [fracción]; Recall=1 [fracción]; MCC=1 [fracción]; Kappa=1.0 [unidades de la fuente: Fracciones; valores ± descritos como intervalos de confianza del 95%]; Incertidumbre reportada: Accuracy 1 ± 0; AUC 1 ± 0; F1 1 ± 0; Precision 1 ± 0; Recall 1 ± 0; MCC 1 ± 0; Kappa 1 ± 0,No,PARCIAL
SR_0275,DDSM (Mendeley ywsbh3ndr8/2),ResNet101,ViT-base,Sí (protocolo común declarado),Sí,Sí,No claro (atribución a CV frente a conjunto reservado),Accuracy; ROC_AUC; F1; Precision; Recall; MCC; Kappa,SR_0275_M14_CV; modelo=ResNet101 transfer learning; evaluación=Validación cruzada de 5 particiones; atribución a la prueba reservada no diferenciada; Accuracy=0.95 [fracción]; ROC_AUC=0.95 [fracción]; F1=0.95 [fracción]; Precision=0.95 [fracción]; Recall=0.95 [fracción]; MCC=0.94 [fracción]; Kappa=0.94 [unidades de la fuente: Fracciones; valores ± descritos como intervalos de confianza del 95%]; Incertidumbre reportada: Accuracy 0.95 ± 0.01; AUC 0.95 ± 0.02; F1 0.95 ± 0.01; Precision 0.95 ± 0.01; Recall 0.95 ± 0.01; MCC 0.94 ± 0.02; Kappa 0.94 ± 0.02,SR_0275_M01_CV; modelo=ViT-base transfer learning; evaluación=Validación cruzada de 5 particiones; atribución a la prueba reservada no diferenciada; Accuracy=1 [fracción]; ROC_AUC=1 [fracción]; F1=1 [fracción]; Precision=1 [fracción]; Recall=1 [fracción]; MCC=1 [fracción]; Kappa=1.0 [unidades de la fuente: Fracciones; valores ± descritos como intervalos de confianza del 95%]; Incertidumbre reportada: Accuracy 1 ± 0; AUC 1 ± 0; F1 1 ± 0; Precision 1 ± 0; Recall 1 ± 0; MCC 1 ± 0; Kappa 1 ± 0,No,PARCIAL
SR_0275,DDSM (Mendeley ywsbh3ndr8/2),ResNet101,ViT-large,Sí (protocolo común declarado),Sí,Sí,No claro (atribución a CV frente a conjunto reservado),Accuracy; ROC_AUC; F1; Precision; Recall; MCC; Kappa,SR_0275_M14_CV; modelo=ResNet101 transfer learning; evaluación=Validación cruzada de 5 particiones; atribución a la prueba reservada no diferenciada; Accuracy=0.95 [fracción]; ROC_AUC=0.95 [fracción]; F1=0.95 [fracción]; Precision=0.95 [fracción]; Recall=0.95 [fracción]; MCC=0.94 [fracción]; Kappa=0.94 [unidades de la fuente: Fracciones; valores ± descritos como intervalos de confianza del 95%]; Incertidumbre reportada: Accuracy 0.95 ± 0.01; AUC 0.95 ± 0.02; F1 0.95 ± 0.01; Precision 0.95 ± 0.01; Recall 0.95 ± 0.01; MCC 0.94 ± 0.02; Kappa 0.94 ± 0.02,SR_0275_M02_CV; modelo=ViT-large transfer learning; evaluación=Validación cruzada de 5 particiones; atribución a la prueba reservada no diferenciada; Accuracy=1 [fracción]; ROC_AUC=1 [fracción]; F1=1 [fracción]; Precision=1 [fracción]; Recall=1 [fracción]; MCC=1 [fracción]; Kappa=1.0 [unidades de la fuente: Fracciones; valores ± descritos como intervalos de confianza del 95%]; Incertidumbre reportada: Accuracy 1 ± 0; AUC 1 ± 0; F1 1 ± 0; Precision 1 ± 0; Recall 1 ± 0; MCC 1 ± 0; Kappa 1 ± 0,No,PARCIAL
SR_0275,DDSM (Mendeley ywsbh3ndr8/2),ResNet101,Swin-small,Sí (protocolo común declarado),Sí,Sí,No claro (atribución a CV frente a conjunto reservado),Accuracy; ROC_AUC; F1; Precision; Recall; MCC; Kappa,SR_0275_M14_CV; modelo=ResNet101 transfer learning; evaluación=Validación cruzada de 5 particiones; atribución a la prueba reservada no diferenciada; Accuracy=0.95 [fracción]; ROC_AUC=0.95 [fracción]; F1=0.95 [fracción]; Precision=0.95 [fracción]; Recall=0.95 [fracción]; MCC=0.94 [fracción]; Kappa=0.94 [unidades de la fuente: Fracciones; valores ± descritos como intervalos de confianza del 95%]; Incertidumbre reportada: Accuracy 0.95 ± 0.01; AUC 0.95 ± 0.02; F1 0.95 ± 0.01; Precision 0.95 ± 0.01; Recall 0.95 ± 0.01; MCC 0.94 ± 0.02; Kappa 0.94 ± 0.02,SR_0275_M03_CV; modelo=Swin-small transfer learning; evaluación=Validación cruzada de 5 particiones; atribución a la prueba reservada no diferenciada; Accuracy=1 [fracción]; ROC_AUC=1 [fracción]; F1=1 [fracción]; Precision=1 [fracción]; Recall=1 [fracción]; MCC=1 [fracción]; Kappa=1.0 [unidades de la fuente: Fracciones; valores ± descritos como intervalos de confianza del 95%]; Incertidumbre reportada: Accuracy 1 ± 0; AUC 1 ± 0; F1 1 ± 0; Precision 1 ± 0; Recall 1 ± 0; MCC 1 ± 0; Kappa 1 ± 0,No,PARCIAL
SR_0275,DDSM (Mendeley ywsbh3ndr8/2),ResNet101,Swin-base,Sí (protocolo común declarado),Sí,Sí,No claro (atribución a CV frente a conjunto reservado),Accuracy; ROC_AUC; F1; Precision; Recall; MCC; Kappa,SR_0275_M14_CV; modelo=ResNet101 transfer learning; evaluación=Validación cruzada de 5 particiones; atribución a la prueba reservada no diferenciada; Accuracy=0.95 [fracción]; ROC_AUC=0.95 [fracción]; F1=0.95 [fracción]; Precision=0.95 [fracción]; Recall=0.95 [fracción]; MCC=0.94 [fracción]; Kappa=0.94 [unidades de la fuente: Fracciones; valores ± descritos como intervalos de confianza del 95%]; Incertidumbre reportada: Accuracy 0.95 ± 0.01; AUC 0.95 ± 0.02; F1 0.95 ± 0.01; Precision 0.95 ± 0.01; Recall 0.95 ± 0.01; MCC 0.94 ± 0.02; Kappa 0.94 ± 0.02,SR_0275_M04_CV; modelo=Swin-base transfer learning; evaluación=Validación cruzada de 5 particiones; atribución a la prueba reservada no diferenciada; Accuracy=1 [fracción]; ROC_AUC=1 [fracción]; F1=1 [fracción]; Precision=1 [fracción]; Recall=1 [fracción]; MCC=1 [fracción]; Kappa=1.0 [unidades de la fuente: Fracciones; valores ± descritos como intervalos de confianza del 95%]; Incertidumbre reportada: Accuracy 1 ± 0; AUC 1 ± 0; F1 1 ± 0; Precision 1 ± 0; Recall 1 ± 0; MCC 1 ± 0; Kappa 1 ± 0,No,PARCIAL
SR_0275,DDSM (Mendeley ywsbh3ndr8/2),ResNet101,PVT-medium,Sí (protocolo común declarado),Sí,Sí,No claro (atribución a CV frente a conjunto reservado),Accuracy; ROC_AUC; F1; Precision; Recall; MCC; Kappa,SR_0275_M14_CV; modelo=ResNet101 transfer learning; evaluación=Validación cruzada de 5 particiones; atribución a la prueba reservada no diferenciada; Accuracy=0.95 [fracción]; ROC_AUC=0.95 [fracción]; F1=0.95 [fracción]; Precision=0.95 [fracción]; Recall=0.95 [fracción]; MCC=0.94 [fracción]; Kappa=0.94 [unidades de la fuente: Fracciones; valores ± descritos como intervalos de confianza del 95%]; Incertidumbre reportada: Accuracy 0.95 ± 0.01; AUC 0.95 ± 0.02; F1 0.95 ± 0.01; Precision 0.95 ± 0.01; Recall 0.95 ± 0.01; MCC 0.94 ± 0.02; Kappa 0.94 ± 0.02,SR_0275_M05_CV; modelo=PVT-medium transfer learning; evaluación=Validación cruzada de 5 particiones; atribución a la prueba reservada no diferenciada; Accuracy=1 [fracción]; ROC_AUC=1 [fracción]; F1=1 [fracción]; Precision=1 [fracción]; Recall=1 [fracción]; MCC=1 [fracción]; Kappa=1.0 [unidades de la fuente: Fracciones; valores ± descritos como intervalos de confianza del 95%]; Incertidumbre reportada: Accuracy 1 ± 0; AUC 1 ± 0; F1 1 ± 0; Precision 1 ± 0; Recall 1 ± 0; MCC 1 ± 0; Kappa 1 ± 0,No,PARCIAL
SR_0275,DDSM (Mendeley ywsbh3ndr8/2),ResNet101,PVT-large,Sí (protocolo común declarado),Sí,Sí,No claro (atribución a CV frente a conjunto reservado),Accuracy; ROC_AUC; F1; Precision; Recall; MCC; Kappa,SR_0275_M14_CV; modelo=ResNet101 transfer learning; evaluación=Validación cruzada de 5 particiones; atribución a la prueba reservada no diferenciada; Accuracy=0.95 [fracción]; ROC_AUC=0.95 [fracción]; F1=0.95 [fracción]; Precision=0.95 [fracción]; Recall=0.95 [fracción]; MCC=0.94 [fracción]; Kappa=0.94 [unidades de la fuente: Fracciones; valores ± descritos como intervalos de confianza del 95%]; Incertidumbre reportada: Accuracy 0.95 ± 0.01; AUC 0.95 ± 0.02; F1 0.95 ± 0.01; Precision 0.95 ± 0.01; Recall 0.95 ± 0.01; MCC 0.94 ± 0.02; Kappa 0.94 ± 0.02,SR_0275_M06_CV; modelo=PVT-large transfer learning; evaluación=Validación cruzada de 5 particiones; atribución a la prueba reservada no diferenciada; Accuracy=1 [fracción]; ROC_AUC=1 [fracción]; F1=1 [fracción]; Precision=1 [fracción]; Recall=1 [fracción]; MCC=1 [fracción]; Kappa=1.0 [unidades de la fuente: Fracciones; valores ± descritos como intervalos de confianza del 95%]; Incertidumbre reportada: Accuracy 1 ± 0; AUC 1 ± 0; F1 1 ± 0; Precision 1 ± 0; Recall 1 ± 0; MCC 1 ± 0; Kappa 1 ± 0,No,PARCIAL
SR_0275,DDSM (Mendeley ywsbh3ndr8/2),EfficientNetB0,ViT-base,Sí (protocolo común declarado),Sí,Sí,No claro (atribución a CV frente a conjunto reservado),Accuracy; ROC_AUC; F1; Precision; Recall; MCC; Kappa,SR_0275_M15_CV; modelo=EfficientNetB0 transfer learning; evaluación=Validación cruzada de 5 particiones; atribución a la prueba reservada no diferenciada; Accuracy=0.94 [fracción]; ROC_AUC=0.94 [fracción]; F1=0.94 [fracción]; Precision=0.94 [fracción]; Recall=0.94 [fracción]; MCC=0.93 [fracción]; Kappa=0.93 [unidades de la fuente: Fracciones; valores ± descritos como intervalos de confianza del 95%]; Incertidumbre reportada: Accuracy 0.94 ± 0.02; AUC 0.94 ± 0.01; F1 0.94 ± 0.01; Precision 0.94 ± 0.01; Recall 0.94 ± 0.01; MCC 0.93 ± 0.03; Kappa 0.93 ± 0.02,SR_0275_M01_CV; modelo=ViT-base transfer learning; evaluación=Validación cruzada de 5 particiones; atribución a la prueba reservada no diferenciada; Accuracy=1 [fracción]; ROC_AUC=1 [fracción]; F1=1 [fracción]; Precision=1 [fracción]; Recall=1 [fracción]; MCC=1 [fracción]; Kappa=1.0 [unidades de la fuente: Fracciones; valores ± descritos como intervalos de confianza del 95%]; Incertidumbre reportada: Accuracy 1 ± 0; AUC 1 ± 0; F1 1 ± 0; Precision 1 ± 0; Recall 1 ± 0; MCC 1 ± 0; Kappa 1 ± 0,No,PARCIAL
SR_0275,DDSM (Mendeley ywsbh3ndr8/2),EfficientNetB0,ViT-large,Sí (protocolo común declarado),Sí,Sí,No claro (atribución a CV frente a conjunto reservado),Accuracy; ROC_AUC; F1; Precision; Recall; MCC; Kappa,SR_0275_M15_CV; modelo=EfficientNetB0 transfer learning; evaluación=Validación cruzada de 5 particiones; atribución a la prueba reservada no diferenciada; Accuracy=0.94 [fracción]; ROC_AUC=0.94 [fracción]; F1=0.94 [fracción]; Precision=0.94 [fracción]; Recall=0.94 [fracción]; MCC=0.93 [fracción]; Kappa=0.93 [unidades de la fuente: Fracciones; valores ± descritos como intervalos de confianza del 95%]; Incertidumbre reportada: Accuracy 0.94 ± 0.02; AUC 0.94 ± 0.01; F1 0.94 ± 0.01; Precision 0.94 ± 0.01; Recall 0.94 ± 0.01; MCC 0.93 ± 0.03; Kappa 0.93 ± 0.02,SR_0275_M02_CV; modelo=ViT-large transfer learning; evaluación=Validación cruzada de 5 particiones; atribución a la prueba reservada no diferenciada; Accuracy=1 [fracción]; ROC_AUC=1 [fracción]; F1=1 [fracción]; Precision=1 [fracción]; Recall=1 [fracción]; MCC=1 [fracción]; Kappa=1.0 [unidades de la fuente: Fracciones; valores ± descritos como intervalos de confianza del 95%]; Incertidumbre reportada: Accuracy 1 ± 0; AUC 1 ± 0; F1 1 ± 0; Precision 1 ± 0; Recall 1 ± 0; MCC 1 ± 0; Kappa 1 ± 0,No,PARCIAL
SR_0275,DDSM (Mendeley ywsbh3ndr8/2),EfficientNetB0,Swin-small,Sí (protocolo común declarado),Sí,Sí,No claro (atribución a CV frente a conjunto reservado),Accuracy; ROC_AUC; F1; Precision; Recall; MCC; Kappa,SR_0275_M15_CV; modelo=EfficientNetB0 transfer learning; evaluación=Validación cruzada de 5 particiones; atribución a la prueba reservada no diferenciada; Accuracy=0.94 [fracción]; ROC_AUC=0.94 [fracción]; F1=0.94 [fracción]; Precision=0.94 [fracción]; Recall=0.94 [fracción]; MCC=0.93 [fracción]; Kappa=0.93 [unidades de la fuente: Fracciones; valores ± descritos como intervalos de confianza del 95%]; Incertidumbre reportada: Accuracy 0.94 ± 0.02; AUC 0.94 ± 0.01; F1 0.94 ± 0.01; Precision 0.94 ± 0.01; Recall 0.94 ± 0.01; MCC 0.93 ± 0.03; Kappa 0.93 ± 0.02,SR_0275_M03_CV; modelo=Swin-small transfer learning; evaluación=Validación cruzada de 5 particiones; atribución a la prueba reservada no diferenciada; Accuracy=1 [fracción]; ROC_AUC=1 [fracción]; F1=1 [fracción]; Precision=1 [fracción]; Recall=1 [fracción]; MCC=1 [fracción]; Kappa=1.0 [unidades de la fuente: Fracciones; valores ± descritos como intervalos de confianza del 95%]; Incertidumbre reportada: Accuracy 1 ± 0; AUC 1 ± 0; F1 1 ± 0; Precision 1 ± 0; Recall 1 ± 0; MCC 1 ± 0; Kappa 1 ± 0,No,PARCIAL
SR_0275,DDSM (Mendeley ywsbh3ndr8/2),EfficientNetB0,Swin-base,Sí (protocolo común declarado),Sí,Sí,No claro (atribución a CV frente a conjunto reservado),Accuracy; ROC_AUC; F1; Precision; Recall; MCC; Kappa,SR_0275_M15_CV; modelo=EfficientNetB0 transfer learning; evaluación=Validación cruzada de 5 particiones; atribución a la prueba reservada no diferenciada; Accuracy=0.94 [fracción]; ROC_AUC=0.94 [fracción]; F1=0.94 [fracción]; Precision=0.94 [fracción]; Recall=0.94 [fracción]; MCC=0.93 [fracción]; Kappa=0.93 [unidades de la fuente: Fracciones; valores ± descritos como intervalos de confianza del 95%]; Incertidumbre reportada: Accuracy 0.94 ± 0.02; AUC 0.94 ± 0.01; F1 0.94 ± 0.01; Precision 0.94 ± 0.01; Recall 0.94 ± 0.01; MCC 0.93 ± 0.03; Kappa 0.93 ± 0.02,SR_0275_M04_CV; modelo=Swin-base transfer learning; evaluación=Validación cruzada de 5 particiones; atribución a la prueba reservada no diferenciada; Accuracy=1 [fracción]; ROC_AUC=1 [fracción]; F1=1 [fracción]; Precision=1 [fracción]; Recall=1 [fracción]; MCC=1 [fracción]; Kappa=1.0 [unidades de la fuente: Fracciones; valores ± descritos como intervalos de confianza del 95%]; Incertidumbre reportada: Accuracy 1 ± 0; AUC 1 ± 0; F1 1 ± 0; Precision 1 ± 0; Recall 1 ± 0; MCC 1 ± 0; Kappa 1 ± 0,No,PARCIAL
SR_0275,DDSM (Mendeley ywsbh3ndr8/2),EfficientNetB0,PVT-medium,Sí (protocolo común declarado),Sí,Sí,No claro (atribución a CV frente a conjunto reservado),Accuracy; ROC_AUC; F1; Precision; Recall; MCC; Kappa,SR_0275_M15_CV; modelo=EfficientNetB0 transfer learning; evaluación=Validación cruzada de 5 particiones; atribución a la prueba reservada no diferenciada; Accuracy=0.94 [fracción]; ROC_AUC=0.94 [fracción]; F1=0.94 [fracción]; Precision=0.94 [fracción]; Recall=0.94 [fracción]; MCC=0.93 [fracción]; Kappa=0.93 [unidades de la fuente: Fracciones; valores ± descritos como intervalos de confianza del 95%]; Incertidumbre reportada: Accuracy 0.94 ± 0.02; AUC 0.94 ± 0.01; F1 0.94 ± 0.01; Precision 0.94 ± 0.01; Recall 0.94 ± 0.01; MCC 0.93 ± 0.03; Kappa 0.93 ± 0.02,SR_0275_M05_CV; modelo=PVT-medium transfer learning; evaluación=Validación cruzada de 5 particiones; atribución a la prueba reservada no diferenciada; Accuracy=1 [fracción]; ROC_AUC=1 [fracción]; F1=1 [fracción]; Precision=1 [fracción]; Recall=1 [fracción]; MCC=1 [fracción]; Kappa=1.0 [unidades de la fuente: Fracciones; valores ± descritos como intervalos de confianza del 95%]; Incertidumbre reportada: Accuracy 1 ± 0; AUC 1 ± 0; F1 1 ± 0; Precision 1 ± 0; Recall 1 ± 0; MCC 1 ± 0; Kappa 1 ± 0,No,PARCIAL
SR_0275,DDSM (Mendeley ywsbh3ndr8/2),EfficientNetB0,PVT-large,Sí (protocolo común declarado),Sí,Sí,No claro (atribución a CV frente a conjunto reservado),Accuracy; ROC_AUC; F1; Precision; Recall; MCC; Kappa,SR_0275_M15_CV; modelo=EfficientNetB0 transfer learning; evaluación=Validación cruzada de 5 particiones; atribución a la prueba reservada no diferenciada; Accuracy=0.94 [fracción]; ROC_AUC=0.94 [fracción]; F1=0.94 [fracción]; Precision=0.94 [fracción]; Recall=0.94 [fracción]; MCC=0.93 [fracción]; Kappa=0.93 [unidades de la fuente: Fracciones; valores ± descritos como intervalos de confianza del 95%]; Incertidumbre reportada: Accuracy 0.94 ± 0.02; AUC 0.94 ± 0.01; F1 0.94 ± 0.01; Precision 0.94 ± 0.01; Recall 0.94 ± 0.01; MCC 0.93 ± 0.03; Kappa 0.93 ± 0.02,SR_0275_M06_CV; modelo=PVT-large transfer learning; evaluación=Validación cruzada de 5 particiones; atribución a la prueba reservada no diferenciada; Accuracy=1 [fracción]; ROC_AUC=1 [fracción]; F1=1 [fracción]; Precision=1 [fracción]; Recall=1 [fracción]; MCC=1 [fracción]; Kappa=1.0 [unidades de la fuente: Fracciones; valores ± descritos como intervalos de confianza del 95%]; Incertidumbre reportada: Accuracy 1 ± 0; AUC 1 ± 0; F1 1 ± 0; Precision 1 ± 0; Recall 1 ± 0; MCC 1 ± 0; Kappa 1 ± 0,No,PARCIAL
SR_0275,DDSM (Mendeley ywsbh3ndr8/2),EfficientNetB2,ViT-base,Sí (protocolo común declarado),Sí,Sí,No claro (atribución a CV frente a conjunto reservado),Accuracy; ROC_AUC; F1; Precision; Recall; MCC; Kappa,SR_0275_M16_CV; modelo=EfficientNetB2 transfer learning; evaluación=Validación cruzada de 5 particiones; atribución a la prueba reservada no diferenciada; Accuracy=0.95 [fracción]; ROC_AUC=0.95 [fracción]; F1=0.95 [fracción]; Precision=0.95 [fracción]; Recall=0.95 [fracción]; MCC=0.95 [fracción]; Kappa=0.95 [unidades de la fuente: Fracciones; valores ± descritos como intervalos de confianza del 95%]; Incertidumbre reportada: Accuracy 0.95 ± 0.01; AUC 0.95 ± 0.01; F1 0.95 ± 0.01; Precision 0.95 ± 0.01; Recall 0.95 ± 0.01; MCC 0.95 ± 0.01; Kappa 0.95 ± 0.01,SR_0275_M01_CV; modelo=ViT-base transfer learning; evaluación=Validación cruzada de 5 particiones; atribución a la prueba reservada no diferenciada; Accuracy=1 [fracción]; ROC_AUC=1 [fracción]; F1=1 [fracción]; Precision=1 [fracción]; Recall=1 [fracción]; MCC=1 [fracción]; Kappa=1.0 [unidades de la fuente: Fracciones; valores ± descritos como intervalos de confianza del 95%]; Incertidumbre reportada: Accuracy 1 ± 0; AUC 1 ± 0; F1 1 ± 0; Precision 1 ± 0; Recall 1 ± 0; MCC 1 ± 0; Kappa 1 ± 0,No,PARCIAL
SR_0275,DDSM (Mendeley ywsbh3ndr8/2),EfficientNetB2,ViT-large,Sí (protocolo común declarado),Sí,Sí,No claro (atribución a CV frente a conjunto reservado),Accuracy; ROC_AUC; F1; Precision; Recall; MCC; Kappa,SR_0275_M16_CV; modelo=EfficientNetB2 transfer learning; evaluación=Validación cruzada de 5 particiones; atribución a la prueba reservada no diferenciada; Accuracy=0.95 [fracción]; ROC_AUC=0.95 [fracción]; F1=0.95 [fracción]; Precision=0.95 [fracción]; Recall=0.95 [fracción]; MCC=0.95 [fracción]; Kappa=0.95 [unidades de la fuente: Fracciones; valores ± descritos como intervalos de confianza del 95%]; Incertidumbre reportada: Accuracy 0.95 ± 0.01; AUC 0.95 ± 0.01; F1 0.95 ± 0.01; Precision 0.95 ± 0.01; Recall 0.95 ± 0.01; MCC 0.95 ± 0.01; Kappa 0.95 ± 0.01,SR_0275_M02_CV; modelo=ViT-large transfer learning; evaluación=Validación cruzada de 5 particiones; atribución a la prueba reservada no diferenciada; Accuracy=1 [fracción]; ROC_AUC=1 [fracción]; F1=1 [fracción]; Precision=1 [fracción]; Recall=1 [fracción]; MCC=1 [fracción]; Kappa=1.0 [unidades de la fuente: Fracciones; valores ± descritos como intervalos de confianza del 95%]; Incertidumbre reportada: Accuracy 1 ± 0; AUC 1 ± 0; F1 1 ± 0; Precision 1 ± 0; Recall 1 ± 0; MCC 1 ± 0; Kappa 1 ± 0,No,PARCIAL
SR_0275,DDSM (Mendeley ywsbh3ndr8/2),EfficientNetB2,Swin-small,Sí (protocolo común declarado),Sí,Sí,No claro (atribución a CV frente a conjunto reservado),Accuracy; ROC_AUC; F1; Precision; Recall; MCC; Kappa,SR_0275_M16_CV; modelo=EfficientNetB2 transfer learning; evaluación=Validación cruzada de 5 particiones; atribución a la prueba reservada no diferenciada; Accuracy=0.95 [fracción]; ROC_AUC=0.95 [fracción]; F1=0.95 [fracción]; Precision=0.95 [fracción]; Recall=0.95 [fracción]; MCC=0.95 [fracción]; Kappa=0.95 [unidades de la fuente: Fracciones; valores ± descritos como intervalos de confianza del 95%]; Incertidumbre reportada: Accuracy 0.95 ± 0.01; AUC 0.95 ± 0.01; F1 0.95 ± 0.01; Precision 0.95 ± 0.01; Recall 0.95 ± 0.01; MCC 0.95 ± 0.01; Kappa 0.95 ± 0.01,SR_0275_M03_CV; modelo=Swin-small transfer learning; evaluación=Validación cruzada de 5 particiones; atribución a la prueba reservada no diferenciada; Accuracy=1 [fracción]; ROC_AUC=1 [fracción]; F1=1 [fracción]; Precision=1 [fracción]; Recall=1 [fracción]; MCC=1 [fracción]; Kappa=1.0 [unidades de la fuente: Fracciones; valores ± descritos como intervalos de confianza del 95%]; Incertidumbre reportada: Accuracy 1 ± 0; AUC 1 ± 0; F1 1 ± 0; Precision 1 ± 0; Recall 1 ± 0; MCC 1 ± 0; Kappa 1 ± 0,No,PARCIAL
SR_0275,DDSM (Mendeley ywsbh3ndr8/2),EfficientNetB2,Swin-base,Sí (protocolo común declarado),Sí,Sí,No claro (atribución a CV frente a conjunto reservado),Accuracy; ROC_AUC; F1; Precision; Recall; MCC; Kappa,SR_0275_M16_CV; modelo=EfficientNetB2 transfer learning; evaluación=Validación cruzada de 5 particiones; atribución a la prueba reservada no diferenciada; Accuracy=0.95 [fracción]; ROC_AUC=0.95 [fracción]; F1=0.95 [fracción]; Precision=0.95 [fracción]; Recall=0.95 [fracción]; MCC=0.95 [fracción]; Kappa=0.95 [unidades de la fuente: Fracciones; valores ± descritos como intervalos de confianza del 95%]; Incertidumbre reportada: Accuracy 0.95 ± 0.01; AUC 0.95 ± 0.01; F1 0.95 ± 0.01; Precision 0.95 ± 0.01; Recall 0.95 ± 0.01; MCC 0.95 ± 0.01; Kappa 0.95 ± 0.01,SR_0275_M04_CV; modelo=Swin-base transfer learning; evaluación=Validación cruzada de 5 particiones; atribución a la prueba reservada no diferenciada; Accuracy=1 [fracción]; ROC_AUC=1 [fracción]; F1=1 [fracción]; Precision=1 [fracción]; Recall=1 [fracción]; MCC=1 [fracción]; Kappa=1.0 [unidades de la fuente: Fracciones; valores ± descritos como intervalos de confianza del 95%]; Incertidumbre reportada: Accuracy 1 ± 0; AUC 1 ± 0; F1 1 ± 0; Precision 1 ± 0; Recall 1 ± 0; MCC 1 ± 0; Kappa 1 ± 0,No,PARCIAL
SR_0275,DDSM (Mendeley ywsbh3ndr8/2),EfficientNetB2,PVT-medium,Sí (protocolo común declarado),Sí,Sí,No claro (atribución a CV frente a conjunto reservado),Accuracy; ROC_AUC; F1; Precision; Recall; MCC; Kappa,SR_0275_M16_CV; modelo=EfficientNetB2 transfer learning; evaluación=Validación cruzada de 5 particiones; atribución a la prueba reservada no diferenciada; Accuracy=0.95 [fracción]; ROC_AUC=0.95 [fracción]; F1=0.95 [fracción]; Precision=0.95 [fracción]; Recall=0.95 [fracción]; MCC=0.95 [fracción]; Kappa=0.95 [unidades de la fuente: Fracciones; valores ± descritos como intervalos de confianza del 95%]; Incertidumbre reportada: Accuracy 0.95 ± 0.01; AUC 0.95 ± 0.01; F1 0.95 ± 0.01; Precision 0.95 ± 0.01; Recall 0.95 ± 0.01; MCC 0.95 ± 0.01; Kappa 0.95 ± 0.01,SR_0275_M05_CV; modelo=PVT-medium transfer learning; evaluación=Validación cruzada de 5 particiones; atribución a la prueba reservada no diferenciada; Accuracy=1 [fracción]; ROC_AUC=1 [fracción]; F1=1 [fracción]; Precision=1 [fracción]; Recall=1 [fracción]; MCC=1 [fracción]; Kappa=1.0 [unidades de la fuente: Fracciones; valores ± descritos como intervalos de confianza del 95%]; Incertidumbre reportada: Accuracy 1 ± 0; AUC 1 ± 0; F1 1 ± 0; Precision 1 ± 0; Recall 1 ± 0; MCC 1 ± 0; Kappa 1 ± 0,No,PARCIAL
SR_0275,DDSM (Mendeley ywsbh3ndr8/2),EfficientNetB2,PVT-large,Sí (protocolo común declarado),Sí,Sí,No claro (atribución a CV frente a conjunto reservado),Accuracy; ROC_AUC; F1; Precision; Recall; MCC; Kappa,SR_0275_M16_CV; modelo=EfficientNetB2 transfer learning; evaluación=Validación cruzada de 5 particiones; atribución a la prueba reservada no diferenciada; Accuracy=0.95 [fracción]; ROC_AUC=0.95 [fracción]; F1=0.95 [fracción]; Precision=0.95 [fracción]; Recall=0.95 [fracción]; MCC=0.95 [fracción]; Kappa=0.95 [unidades de la fuente: Fracciones; valores ± descritos como intervalos de confianza del 95%]; Incertidumbre reportada: Accuracy 0.95 ± 0.01; AUC 0.95 ± 0.01; F1 0.95 ± 0.01; Precision 0.95 ± 0.01; Recall 0.95 ± 0.01; MCC 0.95 ± 0.01; Kappa 0.95 ± 0.01,SR_0275_M06_CV; modelo=PVT-large transfer learning; evaluación=Validación cruzada de 5 particiones; atribución a la prueba reservada no diferenciada; Accuracy=1 [fracción]; ROC_AUC=1 [fracción]; F1=1 [fracción]; Precision=1 [fracción]; Recall=1 [fracción]; MCC=1 [fracción]; Kappa=1.0 [unidades de la fuente: Fracciones; valores ± descritos como intervalos de confianza del 95%]; Incertidumbre reportada: Accuracy 1 ± 0; AUC 1 ± 0; F1 1 ± 0; Precision 1 ± 0; Recall 1 ± 0; MCC 1 ± 0; Kappa 1 ± 0,No,PARCIAL
SR_0275,DDSM (Mendeley ywsbh3ndr8/2),InceptionNetV2,ViT-base,Sí (protocolo común declarado),Sí,Sí,No claro (atribución a CV frente a conjunto reservado),Accuracy; ROC_AUC; F1; Precision; Recall; MCC; Kappa,SR_0275_M17_CV; modelo=InceptionNetV2 transfer learning; evaluación=Validación cruzada de 5 particiones; atribución a la prueba reservada no diferenciada; Accuracy=0.93 [fracción]; ROC_AUC=0.93 [fracción]; F1=0.93 [fracción]; Precision=0.93 [fracción]; Recall=0.93 [fracción]; MCC=0.93 [fracción]; Kappa=0.92 [unidades de la fuente: Fracciones; valores ± descritos como intervalos de confianza del 95%]; Incertidumbre reportada: Accuracy 0.93 ± 0.02; AUC 0.93 ± 0.01; F1 0.93 ± 0.02; Precision 0.93 ± 0.02; Recall 0.93 ± 0.02; MCC 0.93 ± 0.03; Kappa 0.92 ± 0.02,SR_0275_M01_CV; modelo=ViT-base transfer learning; evaluación=Validación cruzada de 5 particiones; atribución a la prueba reservada no diferenciada; Accuracy=1 [fracción]; ROC_AUC=1 [fracción]; F1=1 [fracción]; Precision=1 [fracción]; Recall=1 [fracción]; MCC=1 [fracción]; Kappa=1.0 [unidades de la fuente: Fracciones; valores ± descritos como intervalos de confianza del 95%]; Incertidumbre reportada: Accuracy 1 ± 0; AUC 1 ± 0; F1 1 ± 0; Precision 1 ± 0; Recall 1 ± 0; MCC 1 ± 0; Kappa 1 ± 0,No,PARCIAL
SR_0275,DDSM (Mendeley ywsbh3ndr8/2),InceptionNetV2,ViT-large,Sí (protocolo común declarado),Sí,Sí,No claro (atribución a CV frente a conjunto reservado),Accuracy; ROC_AUC; F1; Precision; Recall; MCC; Kappa,SR_0275_M17_CV; modelo=InceptionNetV2 transfer learning; evaluación=Validación cruzada de 5 particiones; atribución a la prueba reservada no diferenciada; Accuracy=0.93 [fracción]; ROC_AUC=0.93 [fracción]; F1=0.93 [fracción]; Precision=0.93 [fracción]; Recall=0.93 [fracción]; MCC=0.93 [fracción]; Kappa=0.92 [unidades de la fuente: Fracciones; valores ± descritos como intervalos de confianza del 95%]; Incertidumbre reportada: Accuracy 0.93 ± 0.02; AUC 0.93 ± 0.01; F1 0.93 ± 0.02; Precision 0.93 ± 0.02; Recall 0.93 ± 0.02; MCC 0.93 ± 0.03; Kappa 0.92 ± 0.02,SR_0275_M02_CV; modelo=ViT-large transfer learning; evaluación=Validación cruzada de 5 particiones; atribución a la prueba reservada no diferenciada; Accuracy=1 [fracción]; ROC_AUC=1 [fracción]; F1=1 [fracción]; Precision=1 [fracción]; Recall=1 [fracción]; MCC=1 [fracción]; Kappa=1.0 [unidades de la fuente: Fracciones; valores ± descritos como intervalos de confianza del 95%]; Incertidumbre reportada: Accuracy 1 ± 0; AUC 1 ± 0; F1 1 ± 0; Precision 1 ± 0; Recall 1 ± 0; MCC 1 ± 0; Kappa 1 ± 0,No,PARCIAL
SR_0275,DDSM (Mendeley ywsbh3ndr8/2),InceptionNetV2,Swin-small,Sí (protocolo común declarado),Sí,Sí,No claro (atribución a CV frente a conjunto reservado),Accuracy; ROC_AUC; F1; Precision; Recall; MCC; Kappa,SR_0275_M17_CV; modelo=InceptionNetV2 transfer learning; evaluación=Validación cruzada de 5 particiones; atribución a la prueba reservada no diferenciada; Accuracy=0.93 [fracción]; ROC_AUC=0.93 [fracción]; F1=0.93 [fracción]; Precision=0.93 [fracción]; Recall=0.93 [fracción]; MCC=0.93 [fracción]; Kappa=0.92 [unidades de la fuente: Fracciones; valores ± descritos como intervalos de confianza del 95%]; Incertidumbre reportada: Accuracy 0.93 ± 0.02; AUC 0.93 ± 0.01; F1 0.93 ± 0.02; Precision 0.93 ± 0.02; Recall 0.93 ± 0.02; MCC 0.93 ± 0.03; Kappa 0.92 ± 0.02,SR_0275_M03_CV; modelo=Swin-small transfer learning; evaluación=Validación cruzada de 5 particiones; atribución a la prueba reservada no diferenciada; Accuracy=1 [fracción]; ROC_AUC=1 [fracción]; F1=1 [fracción]; Precision=1 [fracción]; Recall=1 [fracción]; MCC=1 [fracción]; Kappa=1.0 [unidades de la fuente: Fracciones; valores ± descritos como intervalos de confianza del 95%]; Incertidumbre reportada: Accuracy 1 ± 0; AUC 1 ± 0; F1 1 ± 0; Precision 1 ± 0; Recall 1 ± 0; MCC 1 ± 0; Kappa 1 ± 0,No,PARCIAL
SR_0275,DDSM (Mendeley ywsbh3ndr8/2),InceptionNetV2,Swin-base,Sí (protocolo común declarado),Sí,Sí,No claro (atribución a CV frente a conjunto reservado),Accuracy; ROC_AUC; F1; Precision; Recall; MCC; Kappa,SR_0275_M17_CV; modelo=InceptionNetV2 transfer learning; evaluación=Validación cruzada de 5 particiones; atribución a la prueba reservada no diferenciada; Accuracy=0.93 [fracción]; ROC_AUC=0.93 [fracción]; F1=0.93 [fracción]; Precision=0.93 [fracción]; Recall=0.93 [fracción]; MCC=0.93 [fracción]; Kappa=0.92 [unidades de la fuente: Fracciones; valores ± descritos como intervalos de confianza del 95%]; Incertidumbre reportada: Accuracy 0.93 ± 0.02; AUC 0.93 ± 0.01; F1 0.93 ± 0.02; Precision 0.93 ± 0.02; Recall 0.93 ± 0.02; MCC 0.93 ± 0.03; Kappa 0.92 ± 0.02,SR_0275_M04_CV; modelo=Swin-base transfer learning; evaluación=Validación cruzada de 5 particiones; atribución a la prueba reservada no diferenciada; Accuracy=1 [fracción]; ROC_AUC=1 [fracción]; F1=1 [fracción]; Precision=1 [fracción]; Recall=1 [fracción]; MCC=1 [fracción]; Kappa=1.0 [unidades de la fuente: Fracciones; valores ± descritos como intervalos de confianza del 95%]; Incertidumbre reportada: Accuracy 1 ± 0; AUC 1 ± 0; F1 1 ± 0; Precision 1 ± 0; Recall 1 ± 0; MCC 1 ± 0; Kappa 1 ± 0,No,PARCIAL
SR_0275,DDSM (Mendeley ywsbh3ndr8/2),InceptionNetV2,PVT-medium,Sí (protocolo común declarado),Sí,Sí,No claro (atribución a CV frente a conjunto reservado),Accuracy; ROC_AUC; F1; Precision; Recall; MCC; Kappa,SR_0275_M17_CV; modelo=InceptionNetV2 transfer learning; evaluación=Validación cruzada de 5 particiones; atribución a la prueba reservada no diferenciada; Accuracy=0.93 [fracción]; ROC_AUC=0.93 [fracción]; F1=0.93 [fracción]; Precision=0.93 [fracción]; Recall=0.93 [fracción]; MCC=0.93 [fracción]; Kappa=0.92 [unidades de la fuente: Fracciones; valores ± descritos como intervalos de confianza del 95%]; Incertidumbre reportada: Accuracy 0.93 ± 0.02; AUC 0.93 ± 0.01; F1 0.93 ± 0.02; Precision 0.93 ± 0.02; Recall 0.93 ± 0.02; MCC 0.93 ± 0.03; Kappa 0.92 ± 0.02,SR_0275_M05_CV; modelo=PVT-medium transfer learning; evaluación=Validación cruzada de 5 particiones; atribución a la prueba reservada no diferenciada; Accuracy=1 [fracción]; ROC_AUC=1 [fracción]; F1=1 [fracción]; Precision=1 [fracción]; Recall=1 [fracción]; MCC=1 [fracción]; Kappa=1.0 [unidades de la fuente: Fracciones; valores ± descritos como intervalos de confianza del 95%]; Incertidumbre reportada: Accuracy 1 ± 0; AUC 1 ± 0; F1 1 ± 0; Precision 1 ± 0; Recall 1 ± 0; MCC 1 ± 0; Kappa 1 ± 0,No,PARCIAL
SR_0275,DDSM (Mendeley ywsbh3ndr8/2),InceptionNetV2,PVT-large,Sí (protocolo común declarado),Sí,Sí,No claro (atribución a CV frente a conjunto reservado),Accuracy; ROC_AUC; F1; Precision; Recall; MCC; Kappa,SR_0275_M17_CV; modelo=InceptionNetV2 transfer learning; evaluación=Validación cruzada de 5 particiones; atribución a la prueba reservada no diferenciada; Accuracy=0.93 [fracción]; ROC_AUC=0.93 [fracción]; F1=0.93 [fracción]; Precision=0.93 [fracción]; Recall=0.93 [fracción]; MCC=0.93 [fracción]; Kappa=0.92 [unidades de la fuente: Fracciones; valores ± descritos como intervalos de confianza del 95%]; Incertidumbre reportada: Accuracy 0.93 ± 0.02; AUC 0.93 ± 0.01; F1 0.93 ± 0.02; Precision 0.93 ± 0.02; Recall 0.93 ± 0.02; MCC 0.93 ± 0.03; Kappa 0.92 ± 0.02,SR_0275_M06_CV; modelo=PVT-large transfer learning; evaluación=Validación cruzada de 5 particiones; atribución a la prueba reservada no diferenciada; Accuracy=1 [fracción]; ROC_AUC=1 [fracción]; F1=1 [fracción]; Precision=1 [fracción]; Recall=1 [fracción]; MCC=1 [fracción]; Kappa=1.0 [unidades de la fuente: Fracciones; valores ± descritos como intervalos de confianza del 95%]; Incertidumbre reportada: Accuracy 1 ± 0; AUC 1 ± 0; F1 1 ± 0; Precision 1 ± 0; Recall 1 ± 0; MCC 1 ± 0; Kappa 1 ± 0,No,PARCIAL
SR_0275,DDSM (Mendeley ywsbh3ndr8/2),InceptionNetV3,ViT-base,Sí (protocolo común declarado),Sí,Sí,No claro (atribución a CV frente a conjunto reservado),Accuracy; ROC_AUC; F1; Precision; Recall; MCC; Kappa,SR_0275_M18_CV; modelo=InceptionNetV3 transfer learning; evaluación=Validación cruzada de 5 particiones; atribución a la prueba reservada no diferenciada; Accuracy=0.94 [fracción]; ROC_AUC=0.94 [fracción]; F1=0.94 [fracción]; Precision=0.94 [fracción]; Recall=0.94 [fracción]; MCC=0.93 [fracción]; Kappa=0.93 [unidades de la fuente: Fracciones; valores ± descritos como intervalos de confianza del 95%]; Incertidumbre reportada: Accuracy 0.94 ± 0.01; AUC 0.94 ± 0.01; F1 0.94 ± 0.01; Precision 0.94 ± 0.01; Recall 0.94 ± 0.01; MCC 0.93 ± 0.02; Kappa 0.93 ± 0.02,SR_0275_M01_CV; modelo=ViT-base transfer learning; evaluación=Validación cruzada de 5 particiones; atribución a la prueba reservada no diferenciada; Accuracy=1 [fracción]; ROC_AUC=1 [fracción]; F1=1 [fracción]; Precision=1 [fracción]; Recall=1 [fracción]; MCC=1 [fracción]; Kappa=1.0 [unidades de la fuente: Fracciones; valores ± descritos como intervalos de confianza del 95%]; Incertidumbre reportada: Accuracy 1 ± 0; AUC 1 ± 0; F1 1 ± 0; Precision 1 ± 0; Recall 1 ± 0; MCC 1 ± 0; Kappa 1 ± 0,No,PARCIAL
SR_0275,DDSM (Mendeley ywsbh3ndr8/2),InceptionNetV3,ViT-large,Sí (protocolo común declarado),Sí,Sí,No claro (atribución a CV frente a conjunto reservado),Accuracy; ROC_AUC; F1; Precision; Recall; MCC; Kappa,SR_0275_M18_CV; modelo=InceptionNetV3 transfer learning; evaluación=Validación cruzada de 5 particiones; atribución a la prueba reservada no diferenciada; Accuracy=0.94 [fracción]; ROC_AUC=0.94 [fracción]; F1=0.94 [fracción]; Precision=0.94 [fracción]; Recall=0.94 [fracción]; MCC=0.93 [fracción]; Kappa=0.93 [unidades de la fuente: Fracciones; valores ± descritos como intervalos de confianza del 95%]; Incertidumbre reportada: Accuracy 0.94 ± 0.01; AUC 0.94 ± 0.01; F1 0.94 ± 0.01; Precision 0.94 ± 0.01; Recall 0.94 ± 0.01; MCC 0.93 ± 0.02; Kappa 0.93 ± 0.02,SR_0275_M02_CV; modelo=ViT-large transfer learning; evaluación=Validación cruzada de 5 particiones; atribución a la prueba reservada no diferenciada; Accuracy=1 [fracción]; ROC_AUC=1 [fracción]; F1=1 [fracción]; Precision=1 [fracción]; Recall=1 [fracción]; MCC=1 [fracción]; Kappa=1.0 [unidades de la fuente: Fracciones; valores ± descritos como intervalos de confianza del 95%]; Incertidumbre reportada: Accuracy 1 ± 0; AUC 1 ± 0; F1 1 ± 0; Precision 1 ± 0; Recall 1 ± 0; MCC 1 ± 0; Kappa 1 ± 0,No,PARCIAL
SR_0275,DDSM (Mendeley ywsbh3ndr8/2),InceptionNetV3,Swin-small,Sí (protocolo común declarado),Sí,Sí,No claro (atribución a CV frente a conjunto reservado),Accuracy; ROC_AUC; F1; Precision; Recall; MCC; Kappa,SR_0275_M18_CV; modelo=InceptionNetV3 transfer learning; evaluación=Validación cruzada de 5 particiones; atribución a la prueba reservada no diferenciada; Accuracy=0.94 [fracción]; ROC_AUC=0.94 [fracción]; F1=0.94 [fracción]; Precision=0.94 [fracción]; Recall=0.94 [fracción]; MCC=0.93 [fracción]; Kappa=0.93 [unidades de la fuente: Fracciones; valores ± descritos como intervalos de confianza del 95%]; Incertidumbre reportada: Accuracy 0.94 ± 0.01; AUC 0.94 ± 0.01; F1 0.94 ± 0.01; Precision 0.94 ± 0.01; Recall 0.94 ± 0.01; MCC 0.93 ± 0.02; Kappa 0.93 ± 0.02,SR_0275_M03_CV; modelo=Swin-small transfer learning; evaluación=Validación cruzada de 5 particiones; atribución a la prueba reservada no diferenciada; Accuracy=1 [fracción]; ROC_AUC=1 [fracción]; F1=1 [fracción]; Precision=1 [fracción]; Recall=1 [fracción]; MCC=1 [fracción]; Kappa=1.0 [unidades de la fuente: Fracciones; valores ± descritos como intervalos de confianza del 95%]; Incertidumbre reportada: Accuracy 1 ± 0; AUC 1 ± 0; F1 1 ± 0; Precision 1 ± 0; Recall 1 ± 0; MCC 1 ± 0; Kappa 1 ± 0,No,PARCIAL
SR_0275,DDSM (Mendeley ywsbh3ndr8/2),InceptionNetV3,Swin-base,Sí (protocolo común declarado),Sí,Sí,No claro (atribución a CV frente a conjunto reservado),Accuracy; ROC_AUC; F1; Precision; Recall; MCC; Kappa,SR_0275_M18_CV; modelo=InceptionNetV3 transfer learning; evaluación=Validación cruzada de 5 particiones; atribución a la prueba reservada no diferenciada; Accuracy=0.94 [fracción]; ROC_AUC=0.94 [fracción]; F1=0.94 [fracción]; Precision=0.94 [fracción]; Recall=0.94 [fracción]; MCC=0.93 [fracción]; Kappa=0.93 [unidades de la fuente: Fracciones; valores ± descritos como intervalos de confianza del 95%]; Incertidumbre reportada: Accuracy 0.94 ± 0.01; AUC 0.94 ± 0.01; F1 0.94 ± 0.01; Precision 0.94 ± 0.01; Recall 0.94 ± 0.01; MCC 0.93 ± 0.02; Kappa 0.93 ± 0.02,SR_0275_M04_CV; modelo=Swin-base transfer learning; evaluación=Validación cruzada de 5 particiones; atribución a la prueba reservada no diferenciada; Accuracy=1 [fracción]; ROC_AUC=1 [fracción]; F1=1 [fracción]; Precision=1 [fracción]; Recall=1 [fracción]; MCC=1 [fracción]; Kappa=1.0 [unidades de la fuente: Fracciones; valores ± descritos como intervalos de confianza del 95%]; Incertidumbre reportada: Accuracy 1 ± 0; AUC 1 ± 0; F1 1 ± 0; Precision 1 ± 0; Recall 1 ± 0; MCC 1 ± 0; Kappa 1 ± 0,No,PARCIAL
SR_0275,DDSM (Mendeley ywsbh3ndr8/2),InceptionNetV3,PVT-medium,Sí (protocolo común declarado),Sí,Sí,No claro (atribución a CV frente a conjunto reservado),Accuracy; ROC_AUC; F1; Precision; Recall; MCC; Kappa,SR_0275_M18_CV; modelo=InceptionNetV3 transfer learning; evaluación=Validación cruzada de 5 particiones; atribución a la prueba reservada no diferenciada; Accuracy=0.94 [fracción]; ROC_AUC=0.94 [fracción]; F1=0.94 [fracción]; Precision=0.94 [fracción]; Recall=0.94 [fracción]; MCC=0.93 [fracción]; Kappa=0.93 [unidades de la fuente: Fracciones; valores ± descritos como intervalos de confianza del 95%]; Incertidumbre reportada: Accuracy 0.94 ± 0.01; AUC 0.94 ± 0.01; F1 0.94 ± 0.01; Precision 0.94 ± 0.01; Recall 0.94 ± 0.01; MCC 0.93 ± 0.02; Kappa 0.93 ± 0.02,SR_0275_M05_CV; modelo=PVT-medium transfer learning; evaluación=Validación cruzada de 5 particiones; atribución a la prueba reservada no diferenciada; Accuracy=1 [fracción]; ROC_AUC=1 [fracción]; F1=1 [fracción]; Precision=1 [fracción]; Recall=1 [fracción]; MCC=1 [fracción]; Kappa=1.0 [unidades de la fuente: Fracciones; valores ± descritos como intervalos de confianza del 95%]; Incertidumbre reportada: Accuracy 1 ± 0; AUC 1 ± 0; F1 1 ± 0; Precision 1 ± 0; Recall 1 ± 0; MCC 1 ± 0; Kappa 1 ± 0,No,PARCIAL
SR_0275,DDSM (Mendeley ywsbh3ndr8/2),InceptionNetV3,PVT-large,Sí (protocolo común declarado),Sí,Sí,No claro (atribución a CV frente a conjunto reservado),Accuracy; ROC_AUC; F1; Precision; Recall; MCC; Kappa,SR_0275_M18_CV; modelo=InceptionNetV3 transfer learning; evaluación=Validación cruzada de 5 particiones; atribución a la prueba reservada no diferenciada; Accuracy=0.94 [fracción]; ROC_AUC=0.94 [fracción]; F1=0.94 [fracción]; Precision=0.94 [fracción]; Recall=0.94 [fracción]; MCC=0.93 [fracción]; Kappa=0.93 [unidades de la fuente: Fracciones; valores ± descritos como intervalos de confianza del 95%]; Incertidumbre reportada: Accuracy 0.94 ± 0.01; AUC 0.94 ± 0.01; F1 0.94 ± 0.01; Precision 0.94 ± 0.01; Recall 0.94 ± 0.01; MCC 0.93 ± 0.02; Kappa 0.93 ± 0.02,SR_0275_M06_CV; modelo=PVT-large transfer learning; evaluación=Validación cruzada de 5 particiones; atribución a la prueba reservada no diferenciada; Accuracy=1 [fracción]; ROC_AUC=1 [fracción]; F1=1 [fracción]; Precision=1 [fracción]; Recall=1 [fracción]; MCC=1 [fracción]; Kappa=1.0 [unidades de la fuente: Fracciones; valores ± descritos como intervalos de confianza del 95%]; Incertidumbre reportada: Accuracy 1 ± 0; AUC 1 ± 0; F1 1 ± 0; Precision 1 ± 0; Recall 1 ± 0; MCC 1 ± 0; Kappa 1 ± 0,No,PARCIAL
SR_0495,CBIS-DDSM mass,ResNet18,MV-Swin-T,Sí,Sí,Sí,Sí,ROC_AUC; Accuracy,SR_0495_R001; modelo=ResNet18; evaluación=T1_sin_preentrenamiento; ROC_AUC=.646 ± .008 [fracción]; Accuracy=64.554 ± 2.846 [porcentaje],SR_0495_R003; modelo=MV-Swin-T; evaluación=T1_sin_preentrenamiento; ROC_AUC=.714 [fracción]; Accuracy=68.630 [porcentaje],No,ALTA
SR_0495,CBIS-DDSM mass,ResNet50,MV-Swin-T,Sí,Sí,Sí,Sí,ROC_AUC; Accuracy,SR_0495_R002; modelo=ResNet50; evaluación=T1_sin_preentrenamiento; ROC_AUC=.663 ± .011 [fracción]; Accuracy=67.606 ± 1.408 [porcentaje],SR_0495_R003; modelo=MV-Swin-T; evaluación=T1_sin_preentrenamiento; ROC_AUC=.714 [fracción]; Accuracy=68.630 [porcentaje],No,ALTA
SR_0495,CBIS-DDSM mass,PHResNet18,MV-Swin-T,Sí,Sí,Sí,Sí,ROC_AUC; Accuracy,SR_0495_R004; modelo=PHResNet18; evaluación=T1_sin_preentrenamiento; ROC_AUC=.660 ± .020 [fracción]; Accuracy=67.371 ± 2.846 [porcentaje],SR_0495_R003; modelo=MV-Swin-T; evaluación=T1_sin_preentrenamiento; ROC_AUC=.714 [fracción]; Accuracy=68.630 [porcentaje],No,ALTA
SR_0495,CBIS-DDSM mass,PHResNet50,MV-Swin-T,Sí,Sí,Sí,Sí,ROC_AUC; Accuracy,SR_0495_R005; modelo=PHResNet50; evaluación=T1_sin_preentrenamiento; ROC_AUC=.700 ± .002 [fracción]; Accuracy=70.657 ± 1.466 [porcentaje],SR_0495_R003; modelo=MV-Swin-T; evaluación=T1_sin_preentrenamiento; ROC_AUC=.714 [fracción]; Accuracy=68.630 [porcentaje],No,ALTA
SR_0495,CBIS-DDSM mass+calcification,ResNet18,MV-Swin-T,Sí,Sí,Sí,Sí,ROC_AUC; Accuracy,SR_0495_R006; modelo=ResNet18; evaluación=T1_sin_preentrenamiento; ROC_AUC=.644 ± .021 [fracción]; Accuracy=65.349 ± .823 [porcentaje],SR_0495_R008; modelo=MV-Swin-T; evaluación=T1_sin_preentrenamiento; ROC_AUC=.664 [fracción]; Accuracy=65.370 [porcentaje],No,ALTA
SR_0495,CBIS-DDSM mass+calcification,ResNet50,MV-Swin-T,Sí,Sí,Sí,Sí,ROC_AUC; Accuracy,SR_0495_R007; modelo=ResNet50; evaluación=T1_sin_preentrenamiento; ROC_AUC=.651 ± .017 [fracción]; Accuracy=66.271 ± 1.826 [porcentaje],SR_0495_R008; modelo=MV-Swin-T; evaluación=T1_sin_preentrenamiento; ROC_AUC=.664 [fracción]; Accuracy=65.370 [porcentaje],No,ALTA
SR_0495,CBIS-DDSM mass+calcification,PHResNet18,MV-Swin-T,Sí,Sí,Sí,Sí,ROC_AUC; Accuracy,SR_0495_R009; modelo=PHResNet18; evaluación=T1_sin_preentrenamiento; ROC_AUC=.661 ± .009 [fracción]; Accuracy=64.954 ± 1.597 [porcentaje],SR_0495_R008; modelo=MV-Swin-T; evaluación=T1_sin_preentrenamiento; ROC_AUC=.664 [fracción]; Accuracy=65.370 [porcentaje],No,ALTA
SR_0495,CBIS-DDSM mass+calcification,PHResNet50,MV-Swin-T,Sí,Sí,Sí,Sí,ROC_AUC; Accuracy,SR_0495_R010; modelo=PHResNet50; evaluación=T1_sin_preentrenamiento; ROC_AUC=.667 ± .011 [fracción]; Accuracy=66.008 ± 1.581 [porcentaje],SR_0495_R008; modelo=MV-Swin-T; evaluación=T1_sin_preentrenamiento; ROC_AUC=.664 [fracción]; Accuracy=65.370 [porcentaje],No,ALTA
SR_0495,CBIS-DDSM mass,ResNet18,MV-Swin-T,Sí,Sí,Sí,Sí,ROC_AUC; Accuracy; Precision; Recall; F1,SR_0495_R011; modelo=ResNet18; evaluación=T3_preentrenado_con_parches; ROC_AUC=.710 ± .018 [fracción]; Accuracy=70.892 ± 3.614 [porcentaje]; Precision=.645 ± .068 [fracción]; Recall=.717 ± .131 [fracción]; F1=.701 ± .032 [fracción],SR_0495_R018; modelo=MV-Swin-T; evaluación=T3_preentrenado_con_parches; ROC_AUC=.721 ± .002 [fracción]; Accuracy=70.789 ± 1.408 [porcentaje]; Precision=.707 ± .054 [fracción]; Recall=.647 ± .058 [fracción]; F1=.712 ± .007 [fracción],No,ALTA
SR_0495,CBIS-DDSM mass,ResNet50,MV-Swin-T,Sí,Sí,Sí,Sí,ROC_AUC; Accuracy; Precision; Recall; F1,SR_0495_R012; modelo=ResNet50; evaluación=T3_preentrenado_con_parches; ROC_AUC=.724 ± .007 [fracción]; Accuracy=73.474 ± 1.076 [porcentaje]; Precision=.690 ± .028 [fracción]; Recall=.661 ± .029 [fracción]; F1=.725 ± .009 [fracción],SR_0495_R018; modelo=MV-Swin-T; evaluación=T3_preentrenado_con_parches; ROC_AUC=.721 ± .002 [fracción]; Accuracy=70.789 ± 1.408 [porcentaje]; Precision=.707 ± .054 [fracción]; Recall=.647 ± .058 [fracción]; F1=.712 ± .007 [fracción],No,ALTA
SR_0495,CBIS-DDSM mass,Shared ResNet,MV-Swin-T,Sí,Sí,Sí,Sí,ROC_AUC; Accuracy; Precision; Recall; F1,SR_0495_R013; modelo=Shared ResNet; evaluación=T3_preentrenado_con_parches; ROC_AUC=.735 ± .014 [fracción]; Accuracy=72.769 ± 2.151 [porcentaje]; Precision=.661 ± .085 [fracción]; Recall=.779 ± .179 [fracción]; F1=.721 ± .016 [fracción],SR_0495_R018; modelo=MV-Swin-T; evaluación=T3_preentrenado_con_parches; ROC_AUC=.721 ± .002 [fracción]; Accuracy=70.789 ± 1.408 [porcentaje]; Precision=.707 ± .054 [fracción]; Recall=.647 ± .058 [fracción]; F1=.712 ± .007 [fracción],No,ALTA
SR_0495,CBIS-DDSM mass,Breast-wise-model,MV-Swin-T,Sí,Sí,Sí,Sí,ROC_AUC; Accuracy; Precision; Recall; F1,SR_0495_R014; modelo=Breast-wise-model; evaluación=T3_preentrenado_con_parches; ROC_AUC=.705 ± .011 [fracción]; Accuracy=69.484 ± 2.151 [porcentaje]; Precision=.622 ± .077 [fracción]; Recall=.768 ± .199 [fracción]; F1=.687 ± .012 [fracción],SR_0495_R018; modelo=MV-Swin-T; evaluación=T3_preentrenado_con_parches; ROC_AUC=.721 ± .002 [fracción]; Accuracy=70.789 ± 1.408 [porcentaje]; Precision=.707 ± .054 [fracción]; Recall=.647 ± .058 [fracción]; F1=.712 ± .007 [fracción],No,ALTA
SR_0495,CBIS-DDSM mass,DualNet,MV-Swin-T,Sí,Sí,Sí,Sí,ROC_AUC; Accuracy; Precision; Recall; F1,SR_0495_R015; modelo=DualNet; evaluación=T3_preentrenado_con_parches; ROC_AUC=.705 ± .018 [fracción]; Accuracy=69.719 ± 1.863 [porcentaje]; Precision=.624 ± .065 [fracción]; Recall=.751 ± .183 [fracción]; F1=.690 ± .015 [fracción],SR_0495_R018; modelo=MV-Swin-T; evaluación=T3_preentrenado_con_parches; ROC_AUC=.721 ± .002 [fracción]; Accuracy=70.789 ± 1.408 [porcentaje]; Precision=.707 ± .054 [fracción]; Recall=.647 ± .058 [fracción]; F1=.712 ± .007 [fracción],No,ALTA
SR_0495,CBIS-DDSM mass,PHResNet18,MV-Swin-T,Sí,Sí,Sí,Sí,ROC_AUC; Accuracy; Precision; Recall; F1,SR_0495_R019; modelo=PHResNet18; evaluación=T3_preentrenado_con_parches; ROC_AUC=.737 ± .004 [fracción]; Accuracy=74.882 ± 1.466 [porcentaje]; Precision=.717 ± .052 [fracción]; Recall=.667 ± .060 [fracción]; F1=.738 ± .009 [fracción],SR_0495_R018; modelo=MV-Swin-T; evaluación=T3_preentrenado_con_parches; ROC_AUC=.721 ± .002 [fracción]; Accuracy=70.789 ± 1.408 [porcentaje]; Precision=.707 ± .054 [fracción]; Recall=.647 ± .058 [fracción]; F1=.712 ± .007 [fracción],No,ALTA
SR_0495,CBIS-DDSM mass,PHResNet50,MV-Swin-T,Sí,Sí,Sí,Sí,ROC_AUC; Accuracy; Precision; Recall; F1,SR_0495_R020; modelo=PHResNet50; evaluación=T3_preentrenado_con_parches; ROC_AUC=.739 ± .004 [fracción]; Accuracy=75.352 ± 1.409 [porcentaje]; Precision=.736 ± .062 [fracción]; Recall=.650 ± .071 [fracción]; F1=.741 ± .007 [fracción],SR_0495_R018; modelo=MV-Swin-T; evaluación=T3_preentrenado_con_parches; ROC_AUC=.721 ± .002 [fracción]; Accuracy=70.789 ± 1.408 [porcentaje]; Precision=.707 ± .054 [fracción]; Recall=.647 ± .058 [fracción]; F1=.712 ± .007 [fracción],No,ALTA
SR_1343,CDD-CESM low-energy DM,ConvNeXt,ViT-base16,Sí,Sí,Sí,Sí,Accuracy; Sensitivity; Specificity; Precision; F1; ROC_AUC,SR_1343_DMM3_INTERNAL_TEST; modelo=ConvNeXt; evaluación=PRUEBA_INTERNA; Accuracy=76 [%]; Sensitivity=88.33 [%]; Specificity=26.66 [%]; Precision=82.81 [%]; F1=85.48 [%]; ROC_AUC=57 [%],SR_1343_DMM1_INTERNAL_TEST; modelo=ViT-base16; evaluación=PRUEBA_INTERNA; Accuracy=80 [%]; Sensitivity=86.66 [%]; Specificity=53.33 [%]; Precision=88.13 [%]; F1=87.39 [%]; ROC_AUC=70 [%],No,PARCIAL
SR_1343,CDD-CESM low-energy DM,ConvNeXt,Swin-base,Sí,Sí,Sí,Sí,Accuracy; Sensitivity; Specificity; Precision; F1; ROC_AUC,SR_1343_DMM3_INTERNAL_TEST; modelo=ConvNeXt; evaluación=PRUEBA_INTERNA; Accuracy=76 [%]; Sensitivity=88.33 [%]; Specificity=26.66 [%]; Precision=82.81 [%]; F1=85.48 [%]; ROC_AUC=57 [%],SR_1343_DMM2_INTERNAL_TEST; modelo=Swin-base; evaluación=PRUEBA_INTERNA; Accuracy=77.33 [%]; Sensitivity=83.33 [%]; Specificity=53.33 [%]; Precision=87.71 [%]; F1=85.47 [%]; ROC_AUC=68 [%],No,PARCIAL
SR_1343,CDD-CESM low-energy DM,ResNet50,ViT-base16,Sí,Sí,Sí,Sí,Accuracy; Sensitivity; Specificity; Precision; F1; ROC_AUC,SR_1343_DMM4_INTERNAL_TEST; modelo=ResNet50; evaluación=PRUEBA_INTERNA; Accuracy=82.66 [%]; Sensitivity=100 [%]; Specificity=13.33 [%]; Precision=82.19 [%]; F1=90.22 [%]; ROC_AUC=57 [%],SR_1343_DMM1_INTERNAL_TEST; modelo=ViT-base16; evaluación=PRUEBA_INTERNA; Accuracy=80 [%]; Sensitivity=86.66 [%]; Specificity=53.33 [%]; Precision=88.13 [%]; F1=87.39 [%]; ROC_AUC=70 [%],No,PARCIAL
SR_1343,CDD-CESM low-energy DM,ResNet50,Swin-base,Sí,Sí,Sí,Sí,Accuracy; Sensitivity; Specificity; Precision; F1; ROC_AUC,SR_1343_DMM4_INTERNAL_TEST; modelo=ResNet50; evaluación=PRUEBA_INTERNA; Accuracy=82.66 [%]; Sensitivity=100 [%]; Specificity=13.33 [%]; Precision=82.19 [%]; F1=90.22 [%]; ROC_AUC=57 [%],SR_1343_DMM2_INTERNAL_TEST; modelo=Swin-base; evaluación=PRUEBA_INTERNA; Accuracy=77.33 [%]; Sensitivity=83.33 [%]; Specificity=53.33 [%]; Precision=87.71 [%]; F1=85.47 [%]; ROC_AUC=68 [%],No,PARCIAL
SR_1343,CDD-CESM low-energy DM,VGG16,ViT-base16,Sí,Sí,Sí,Sí,Accuracy; Sensitivity; Specificity; Precision; F1; ROC_AUC,SR_1343_DMM5_INTERNAL_TEST; modelo=VGG16; evaluación=PRUEBA_INTERNA; Accuracy=70.66 [%]; Sensitivity=78.33 [%]; Specificity=40 [%]; Precision=83.92 [%]; F1=81.03 [%]; ROC_AUC=59 [%],SR_1343_DMM1_INTERNAL_TEST; modelo=ViT-base16; evaluación=PRUEBA_INTERNA; Accuracy=80 [%]; Sensitivity=86.66 [%]; Specificity=53.33 [%]; Precision=88.13 [%]; F1=87.39 [%]; ROC_AUC=70 [%],No,PARCIAL
SR_1343,CDD-CESM low-energy DM,VGG16,Swin-base,Sí,Sí,Sí,Sí,Accuracy; Sensitivity; Specificity; Precision; F1; ROC_AUC,SR_1343_DMM5_INTERNAL_TEST; modelo=VGG16; evaluación=PRUEBA_INTERNA; Accuracy=70.66 [%]; Sensitivity=78.33 [%]; Specificity=40 [%]; Precision=83.92 [%]; F1=81.03 [%]; ROC_AUC=59 [%],SR_1343_DMM2_INTERNAL_TEST; modelo=Swin-base; evaluación=PRUEBA_INTERNA; Accuracy=77.33 [%]; Sensitivity=83.33 [%]; Specificity=53.33 [%]; Precision=87.71 [%]; F1=85.47 [%]; ROC_AUC=68 [%],No,PARCIAL
SR_1343,CDD-CESM low-energy DM,Inceptionv3,ViT-base16,Sí,Sí,Sí,Sí,Accuracy; Sensitivity; Specificity; Precision; F1; ROC_AUC,SR_1343_DMM6_INTERNAL_TEST; modelo=Inceptionv3; evaluación=PRUEBA_INTERNA; Accuracy=76 [%]; Sensitivity=76.66 [%]; Specificity=20 [%]; Precision=79.31 [%]; F1=77.96 [%]; ROC_AUC=48 [%],SR_1343_DMM1_INTERNAL_TEST; modelo=ViT-base16; evaluación=PRUEBA_INTERNA; Accuracy=80 [%]; Sensitivity=86.66 [%]; Specificity=53.33 [%]; Precision=88.13 [%]; F1=87.39 [%]; ROC_AUC=70 [%],No,PARCIAL
SR_1343,CDD-CESM low-energy DM,Inceptionv3,Swin-base,Sí,Sí,Sí,Sí,Accuracy; Sensitivity; Specificity; Precision; F1; ROC_AUC,SR_1343_DMM6_INTERNAL_TEST; modelo=Inceptionv3; evaluación=PRUEBA_INTERNA; Accuracy=76 [%]; Sensitivity=76.66 [%]; Specificity=20 [%]; Precision=79.31 [%]; F1=77.96 [%]; ROC_AUC=48 [%],SR_1343_DMM2_INTERNAL_TEST; modelo=Swin-base; evaluación=PRUEBA_INTERNA; Accuracy=77.33 [%]; Sensitivity=83.33 [%]; Specificity=53.33 [%]; Precision=87.71 [%]; F1=85.47 [%]; ROC_AUC=68 [%],No,PARCIAL
SR_2468,CBIS-DDSM,ResNet-50 baseline,Full ExViT-Breast,Sí,No claro,Sí,Sí,ROC_AUC,SR_2468_R02; modelo=ResNet-50 baseline; evaluación=Conjunto de validación del 10% separado por paciente; n absoluto NR; ROC_AUC=0.89 [fracción],SR_2468_R01; modelo=Full ExViT-Breast; evaluación=Conjunto de validación del 10% separado por paciente; n absoluto NR; ROC_AUC=0.94 ± 0.02 [fracción]; Incertidumbre reportada: ROC_AUC95%IC0.92–0.96,Sí en el contexto del estudio; las estimaciones numéricas emparejadas corresponden a VALIDACIÓN INTERNA,PARCIAL
SR_2468,CBIS-DDSM,ResNet-50 baseline,Single-view ViT,Sí,No claro,Sí,Sí,ROC_AUC,SR_2468_R02; modelo=ResNet-50 baseline; evaluación=Conjunto de validación del 10% separado por paciente; n absoluto NR; ROC_AUC=0.89 [fracción],SR_2468_R03; modelo=Single-view ViT; evaluación=Conjunto de validación del 10% separado por paciente; n absoluto NR; ROC_AUC=0.91 ± 0.03 [fracción],Sí en el contexto del estudio; las estimaciones numéricas emparejadas corresponden a VALIDACIÓN INTERNA,PARCIAL
SR_2468,CBIS-DDSM,ResNet-50 baseline,ExViT without cross-view fusion,Sí,No claro,Sí,Sí,ROC_AUC,SR_2468_R02; modelo=ResNet-50 baseline; evaluación=Conjunto de validación del 10% separado por paciente; n absoluto NR; ROC_AUC=0.89 [fracción],SR_2468_R04; modelo=ExViT without cross-view fusion; evaluación=Conjunto de validación del 10% separado por paciente; n absoluto NR; ROC_AUC=0.92 ± 0.03 [fracción],Sí en el contexto del estudio; las estimaciones numéricas emparejadas corresponden a VALIDACIÓN INTERNA,PARCIAL
SR_2468,CBIS-DDSM,ResNet-50 baseline,ExViT without Transformer-LRP,Sí,No claro,Sí,Sí,ROC_AUC,SR_2468_R02; modelo=ResNet-50 baseline; evaluación=Conjunto de validación del 10% separado por paciente; n absoluto NR; ROC_AUC=0.89 [fracción],SR_2468_R05; modelo=ExViT without Transformer-LRP; evaluación=Conjunto de validación del 10% separado por paciente; n absoluto NR; ROC_AUC=0.94 ± 0.02 [fracción],Sí en el contexto del estudio; las estimaciones numéricas emparejadas corresponden a VALIDACIÓN INTERNA,PARCIAL
SR_2468,CBIS-DDSM,ResNet-50 baseline,ExViT ImageNet initialization,Sí,No claro,Sí,Sí,ROC_AUC,SR_2468_R02; modelo=ResNet-50 baseline; evaluación=Conjunto de validación del 10% separado por paciente; n absoluto NR; ROC_AUC=0.89 [fracción],SR_2468_R06; modelo=ExViT ImageNet initialization; evaluación=Conjunto de validación del 10% separado por paciente; n absoluto NR; ROC_AUC=0.92 ± 0.03 [fracción],Sí en el contexto del estudio; las estimaciones numéricas emparejadas corresponden a VALIDACIÓN INTERNA,PARCIAL
SR_2468,CBIS-DDSM,ResNet-50 baseline,ExViT DINOv2 initialization,Sí,No claro,Sí,Sí,ROC_AUC,SR_2468_R02; modelo=ResNet-50 baseline; evaluación=Conjunto de validación del 10% separado por paciente; n absoluto NR; ROC_AUC=0.89 [fracción],SR_2468_R07; modelo=ExViT DINOv2 initialization; evaluación=Conjunto de validación del 10% separado por paciente; n absoluto NR; ROC_AUC=0.94 ± 0.02 [fracción],Sí en el contexto del estudio; las estimaciones numéricas emparejadas corresponden a VALIDACIÓN INTERNA,PARCIAL
SR_2707,CBIS-DDSM,ResNet-50,MamT4 multi-view Transformer,Sí,No claro,Sí,Sí,Accuracy; ROC_AUC; Sensitivity; Specificity; F1,"SR_2707_R001; modelo=ResNet-50; evaluación=Intracentro; cinco semillas aleatorias, media±DE; reconstrucción de la partición de prueba/muestra no clara; Accuracy=0.831±0.009 [fracción]; ROC_AUC=0.884±0.008 [fracción]; Sensitivity=0.842±0.011 [fracción]; Specificity=0.819±0.010 [fracción]; F1=0.836±0.009 [fracción]","SR_2707_R006; modelo=MamT4 multi-view Transformer; evaluación=Intracentro; cinco semillas aleatorias, media±DE; reconstrucción de la partición de prueba/muestra no clara; Accuracy=0.861±0.007 [fracción]; ROC_AUC=0.917±0.006 [fracción]; Sensitivity=0.878±0.008 [fracción]; Specificity=0.843±0.007 [fracción]; F1=0.869±0.007 [fracción]",No,PARCIAL
SR_2707,CBIS-DDSM,MFAN attention CNN,MamT4 multi-view Transformer,Sí,No claro,Sí,Sí,Accuracy; ROC_AUC; Sensitivity; Specificity; F1,"SR_2707_R004; modelo=MFAN attention CNN; evaluación=Intracentro; cinco semillas aleatorias, media±DE; reconstrucción de la partición de prueba/muestra no clara; Accuracy=0.847±0.008 [fracción]; ROC_AUC=0.899±0.007 [fracción]; Sensitivity=0.861±0.010 [fracción]; Specificity=0.833±0.009 [fracción]; F1=0.854±0.008 [fracción]","SR_2707_R006; modelo=MamT4 multi-view Transformer; evaluación=Intracentro; cinco semillas aleatorias, media±DE; reconstrucción de la partición de prueba/muestra no clara; Accuracy=0.861±0.007 [fracción]; ROC_AUC=0.917±0.006 [fracción]; Sensitivity=0.878±0.008 [fracción]; Specificity=0.843±0.007 [fracción]; F1=0.869±0.007 [fracción]",No,PARCIAL
SR_2707,CBIS-DDSM,StethoNet CNN ensemble,MamT4 multi-view Transformer,Sí,No claro,Sí,Sí,Accuracy; ROC_AUC; Sensitivity; Specificity; F1,"SR_2707_R009; modelo=StethoNet CNN ensemble; evaluación=Intracentro; cinco semillas aleatorias, media±DE; reconstrucción de la partición de prueba/muestra no clara; Accuracy=0.858±0.007 [fracción]; ROC_AUC=0.913±0.006 [fracción]; Sensitivity=0.874±0.008 [fracción]; Specificity=0.841±0.007 [fracción]; F1=0.866±0.007 [fracción]","SR_2707_R006; modelo=MamT4 multi-view Transformer; evaluación=Intracentro; cinco semillas aleatorias, media±DE; reconstrucción de la partición de prueba/muestra no clara; Accuracy=0.861±0.007 [fracción]; ROC_AUC=0.917±0.006 [fracción]; Sensitivity=0.878±0.008 [fracción]; Specificity=0.843±0.007 [fracción]; F1=0.869±0.007 [fracción]",No,PARCIAL
SR_2707,CBIS-DDSM,ResNet-50,MamT4 multi-view Transformer,Sí,No claro,Sí,Sí,Accuracy; ROC_AUC; Sensitivity; Specificity; F1,"SR_2707_R015; modelo=ResNet-50; evaluación=Entre centros LOCO; cinco semillas aleatorias, media±DE; reconstrucción de la partición de prueba/muestra no clara; Accuracy=0.781±0.012 [fracción]; ROC_AUC=0.842±0.011 [fracción]; Sensitivity=0.764±0.015 [fracción]; Specificity=0.797±0.014 [fracción]; F1=0.773±0.013 [fracción]","SR_2707_R020; modelo=MamT4 multi-view Transformer; evaluación=Entre centros LOCO; cinco semillas aleatorias, media±DE; reconstrucción de la partición de prueba/muestra no clara; Accuracy=0.832±0.008 [fracción]; ROC_AUC=0.892±0.007 [fracción]; Sensitivity=0.849±0.009 [fracción]; Specificity=0.814±0.008 [fracción]; F1=0.840±0.008 [fracción]",Sí,PARCIAL
SR_2707,CBIS-DDSM,MFAN attention CNN,MamT4 multi-view Transformer,Sí,No claro,Sí,Sí,Accuracy; ROC_AUC; Sensitivity; Specificity; F1,"SR_2707_R018; modelo=MFAN attention CNN; evaluación=Entre centros LOCO; cinco semillas aleatorias, media±DE; reconstrucción de la partición de prueba/muestra no clara; Accuracy=0.803±0.010 [fracción]; ROC_AUC=0.871±0.009 [fracción]; Sensitivity=0.821±0.013 [fracción]; Specificity=0.784±0.012 [fracción]; F1=0.811±0.011 [fracción]","SR_2707_R020; modelo=MamT4 multi-view Transformer; evaluación=Entre centros LOCO; cinco semillas aleatorias, media±DE; reconstrucción de la partición de prueba/muestra no clara; Accuracy=0.832±0.008 [fracción]; ROC_AUC=0.892±0.007 [fracción]; Sensitivity=0.849±0.009 [fracción]; Specificity=0.814±0.008 [fracción]; F1=0.840±0.008 [fracción]",Sí,PARCIAL
SR_2707,CBIS-DDSM,StethoNet CNN ensemble,MamT4 multi-view Transformer,Sí,No claro,Sí,Sí,Accuracy; ROC_AUC; Sensitivity; Specificity; F1,"SR_2707_R023; modelo=StethoNet CNN ensemble; evaluación=Entre centros LOCO; cinco semillas aleatorias, media±DE; reconstrucción de la partición de prueba/muestra no clara; Accuracy=0.823±0.008 [fracción]; ROC_AUC=0.884±0.007 [fracción]; Sensitivity=0.839±0.009 [fracción]; Specificity=0.806±0.008 [fracción]; F1=0.831±0.008 [fracción]","SR_2707_R020; modelo=MamT4 multi-view Transformer; evaluación=Entre centros LOCO; cinco semillas aleatorias, media±DE; reconstrucción de la partición de prueba/muestra no clara; Accuracy=0.832±0.008 [fracción]; ROC_AUC=0.892±0.007 [fracción]; Sensitivity=0.849±0.009 [fracción]; Specificity=0.814±0.008 [fracción]; F1=0.840±0.008 [fracción]",Sí,PARCIAL
SR_2707,CBIS-DDSM,ResNet-50,CC-VLT without language encoder,Sí,No claro,Sí,Sí,ROC_AUC,"SR_2707_R015; modelo=ResNet-50; evaluación=Entre centros LOCO; cinco semillas aleatorias, media±DE; reconstrucción de la partición de prueba/muestra no clara; ROC_AUC=0.842±0.011 [fracción]","SR_2707_R032; modelo=CC-VLT without language encoder; evaluación=Entre centros LOCO; cinco semillas aleatorias, media±DE; reconstrucción de la partición de prueba/muestra no clara; ROC_AUC=0.886±0.008 [fracción]",Sí,PARCIAL
SR_2707,CBIS-DDSM,MFAN attention CNN,CC-VLT without language encoder,Sí,No claro,Sí,Sí,ROC_AUC,"SR_2707_R018; modelo=MFAN attention CNN; evaluación=Entre centros LOCO; cinco semillas aleatorias, media±DE; reconstrucción de la partición de prueba/muestra no clara; ROC_AUC=0.871±0.009 [fracción]","SR_2707_R032; modelo=CC-VLT without language encoder; evaluación=Entre centros LOCO; cinco semillas aleatorias, media±DE; reconstrucción de la partición de prueba/muestra no clara; ROC_AUC=0.886±0.008 [fracción]",Sí,PARCIAL
SR_2707,CBIS-DDSM,StethoNet CNN ensemble,CC-VLT without language encoder,Sí,No claro,Sí,Sí,ROC_AUC,"SR_2707_R023; modelo=StethoNet CNN ensemble; evaluación=Entre centros LOCO; cinco semillas aleatorias, media±DE; reconstrucción de la partición de prueba/muestra no clara; ROC_AUC=0.884±0.007 [fracción]","SR_2707_R032; modelo=CC-VLT without language encoder; evaluación=Entre centros LOCO; cinco semillas aleatorias, media±DE; reconstrucción de la partición de prueba/muestra no clara; ROC_AUC=0.886±0.008 [fracción]",Sí,PARCIAL
SR_2713,VinDr-Mammo B/M subset,ConvNeXtV2 (without ROI stratification),Swin Transformer (without ROI stratification),Sí,Sí,Sí,Sí,Sensitivity; Specificity; F1; Accuracy,SR_2713_R003; modelo=ConvNeXtV2(sizeNR); evaluación=PRUEBA_RESERVADA; Sensitivity=0 [fracción]; Specificity=1 [fracción]; F1=0 [fracción]; Accuracy=0.85 [fracción],SR_2713_R001; modelo=Swin Transformer(sizeNR); evaluación=PRUEBA_RESERVADA; Sensitivity=0 [fracción]; Specificity=1 [fracción]; F1=0 [fracción]; Accuracy=0.85 [fracción],No,PARCIAL
SR_2713,VinDr-Mammo B/M subset,ConvNeXtV2 (with ROI stratification),Swin Transformer (with ROI stratification),Sí,Sí,Sí,Sí,Sensitivity; Specificity; F1; Accuracy,SR_2713_R004; modelo=ConvNeXtV2(sizeNR); evaluación=PRUEBA_RESERVADA; Sensitivity=0.9 [fracción]; Specificity=0.86 [fracción]; F1=0.88 [fracción]; Accuracy=0.87 [fracción],SR_2713_R002; modelo=Swin Transformer(sizeNR); evaluación=PRUEBA_RESERVADA; Sensitivity=0.93 [fracción]; Specificity=0.87 [fracción]; F1=0.9 [fracción]; Accuracy=0.87 [fracción],No,PARCIAL
SR_2728,CBIS-DDSM,EfficientNet-B0,ViT-B/16,No claro,No claro,No claro,Sí,Accuracy; ROC_AUC,SR_2728_MR_0025; modelo=EfficientNet-B0; evaluación=Comparación de significación con CV de 5 particiones; Accuracy=94.43±.42 [%]; ROC_AUC=.951±.006 [0–1]; Incertidumbre reportada: 95% IC: media±semiamplitud del IC según publicación; no se calcularon límites,SR_2728_MR_0026; modelo=ViT-B/16; evaluación=Comparación de significación con CV de 5 particiones; Accuracy=96.10±.35 [%]; ROC_AUC=.972±.004 [0–1]; Incertidumbre reportada: 95% IC: media±semiamplitud del IC según publicación; no se calcularon límites,No,PARCIAL
SR_2728,CBIS-DDSM,DenseNet-201,ViT-B/16,No claro,No claro,No claro,Sí,Accuracy,SR_2728_MR_0028; modelo=DenseNet-201; evaluación=Evaluación de comparación computacional; Accuracy=95.56% [%],SR_2728_MR_0031; modelo=ViT-B/16; evaluación=Evaluación de comparación computacional; Accuracy=93.82% [%],No,PARCIAL
SR_2728,CBIS-DDSM,EfficientNet-B0,ViT-B/16,No claro,No claro,No claro,Sí,Accuracy,SR_2728_MR_0029; modelo=EfficientNet-B0; evaluación=Evaluación de comparación computacional; Accuracy=94.43% [%],SR_2728_MR_0031; modelo=ViT-B/16; evaluación=Evaluación de comparación computacional; Accuracy=93.82% [%],No,PARCIAL
SR_2728,CBIS-DDSM,ResNet-152,ViT-B/16,No claro,No claro,No claro,Sí,Accuracy,SR_2728_MR_0030; modelo=ResNet-152; evaluación=Evaluación de comparación computacional; Accuracy=96.18% [%],SR_2728_MR_0031; modelo=ViT-B/16; evaluación=Evaluación de comparación computacional; Accuracy=93.82% [%],No,PARCIAL
SR_2732,CBIS-DDSM,ResNet-based 2D CNN,Vision Transformer,No claro,"Sí, se declara 2D 512×512; rótulos 3D de figura en conflicto",No claro para el Transformer específico de Tabla9,No claro,F1,SR_2732_R005; modelo=ResNet-based 2D CNN; evaluación=PRUEBA; F1=0.684 [fracción],SR_2732_R009; modelo=Vision Transformer; evaluación=PRUEBA; F1=0.609 [fracción],No,PARCIAL
SR_2732,CBIS-DDSM,ResNet-based 2D CNN,Swin-T v2,No claro,"Sí, se declara 2D 512×512; rótulos 3D de figura en conflicto",No claro para el Transformer específico de Tabla9,No claro,F1,SR_2732_R005; modelo=ResNet-based 2D CNN; evaluación=PRUEBA; F1=0.684 [fracción],SR_2732_R013; modelo=Swin-T v2; evaluación=PRUEBA; F1=0.763 [fracción],No,PARCIAL
SR_2732,CBIS-DDSM,DenseNet-based 2D CNN,Vision Transformer,No claro,"Sí, se declara 2D 512×512; rótulos 3D de figura en conflicto",No claro para el Transformer específico de Tabla9,No claro,F1,SR_2732_R007; modelo=DenseNet-based 2D CNN; evaluación=PRUEBA; F1=0.728 [fracción],SR_2732_R009; modelo=Vision Transformer; evaluación=PRUEBA; F1=0.609 [fracción],No,PARCIAL
SR_2732,CBIS-DDSM,DenseNet-based 2D CNN,Swin-T v2,No claro,"Sí, se declara 2D 512×512; rótulos 3D de figura en conflicto",No claro para el Transformer específico de Tabla9,No claro,F1,SR_2732_R007; modelo=DenseNet-based 2D CNN; evaluación=PRUEBA; F1=0.728 [fracción],SR_2732_R013; modelo=Swin-T v2; evaluación=PRUEBA; F1=0.763 [fracción],No,PARCIAL
SR_2732,RTM,ResNet-based 2D CNN,Vision Transformer,No claro,"Sí, se declara 2D 512×512; rótulos 3D de figura en conflicto",No claro para el Transformer específico de Tabla9,No claro,F1,SR_2732_R006; modelo=ResNet-based 2D CNN; evaluación=PRUEBA; F1=0.748 [fracción],SR_2732_R010; modelo=Vision Transformer; evaluación=PRUEBA; F1=0.696 [fracción],No,PARCIAL
SR_2732,RTM,ResNet-based 2D CNN,Swin-T v2,No claro,"Sí, se declara 2D 512×512; rótulos 3D de figura en conflicto",No claro para el Transformer específico de Tabla9,No claro,F1,SR_2732_R006; modelo=ResNet-based 2D CNN; evaluación=PRUEBA; F1=0.748 [fracción],SR_2732_R014; modelo=Swin-T v2; evaluación=PRUEBA; F1=0.819 [fracción],No,PARCIAL
SR_2732,RTM,DenseNet-based 2D CNN,Vision Transformer,No claro,"Sí, se declara 2D 512×512; rótulos 3D de figura en conflicto",No claro para el Transformer específico de Tabla9,No claro,F1,SR_2732_R008; modelo=DenseNet-based 2D CNN; evaluación=PRUEBA; F1=0.791 [fracción],SR_2732_R010; modelo=Vision Transformer; evaluación=PRUEBA; F1=0.696 [fracción],No,PARCIAL
SR_2732,RTM,DenseNet-based 2D CNN,Swin-T v2,No claro,"Sí, se declara 2D 512×512; rótulos 3D de figura en conflicto",No claro para el Transformer específico de Tabla9,No claro,F1,SR_2732_R008; modelo=DenseNet-based 2D CNN; evaluación=PRUEBA; F1=0.791 [fracción],SR_2732_R014; modelo=Swin-T v2; evaluación=PRUEBA; F1=0.819 [fracción],No,PARCIAL
